CRYSTA Running Shoes ,Blue,Men,Campus,786,25.0,4.1,6590.0,1000.0
Troy MU IDP Walking Shoes ,Grey,Men,Puma,1399,65.0,3.9,414.0,71.0
Running Shoes ,Black,Men,Puma,1399,65.0,4.2,27.0,4.0
Gorunfocus Athos Walking Shoes ,"Grey, Orange",Men,Skechers,2879,40.0,4.4,147.0,17.0
Propel 3D MU IDP Running Shoes ,Blue,Men,Puma,1399,65.0,4.2,381.0,62.0
Running Shoes ,White,Men,REEBOK,999,72.0,3.9,106.0,19.0
Ramen Motorsport Shoe ,Grey,Men,Fila,1299,60.0,4.3,8594.0,1186.0
Walking Shoes ,Black,Men,MILESWALKER,360,63.0,3.8,961.0,141.0
5011-Latest Collection Stylish Casual Loafer Sneakers Shoes For Men Sneakers ,Red,Men,"World, Wear, Footwear",228,54.0,3.9,18011.0,2018.0
Slip On Sneakers ,Grey,Men,Kzaara,284,71.0,3.9,5051.0,729.0
Smart Casuals Canvas Shoes Combo pack of 2 Sneakers ,Multicolor,Men,Chevit,299,70.0,4.0,1179.0,172.0
Combo Pack of 5 Casual Loafer Sneakers Shoes High Tops ,Multicolor,Men,Shoefly,949,61.0,3.9,968.0,146.0
Designer Loafers ,"Brown, Blue",Men,Hotstyle,283,43.0,4.0,3874.0,409.0
Icon IDP Sneakers ,Green,Men,Puma,1320,59.0,4.1,6877.0,912.0
Propel 3D IDP Running Shoes ,Grey,Men,Puma,1399,65.0,4.2,6272.0,889.0
Mesh Sports Walking Shoes ,Blue,Men,Aadi,331,66.0,3.7,32581.0,4304.0
WNDR-13 Running Shoes ,"Black, Grey",Men,Asian,474,20.0,4.1,244376.0,38977.0
CRYSTA Running Shoes ,Black,Men,Campus,786,25.0,4.1,6590.0,1000.0
Tan Synthetic Leather Formal Shoes Lace Up ,Tan,Men,Dunkaston,350,64.0,4.1,1137.0,167.0
Wired Walking Shoes ,Black,Men,Puma,1749,50.0,4.4,527.0,75.0
Combo pack of 2 shoes for men Sneakers ,Multicolor,Men,Earton,498,50.0,3.9,322.0,43.0
Combo Pack of 2 Latest Collection Stylish casual Sports Running Shoes Running Shoes ,Multicolor,Men,Axter,478,52.0,3.6,528.0,55.0
Zipper Synthetic Leather Casual Partywear New Design Stylish Boots For Women And Girls Boots ,Black,Women,AROOM,489,51.0,4.3,933.0,162.0
Future-01 running shoes ,"Navy, White",Men,Asian,474,13.0,4.0,13685.0,2107.0
Combo Pack of 2 Latest Collection Stylish casual Sports Running Shoes Running Shoes ,Multicolor,Men,Axter,449,55.0,3.5,2207.0,308.0
Casual Boy Shoes in White Color Men Walking Running Gymwear sports Sneakers for daily use for Gent Casuals ,White,Men,Inklenzo,439,56.0,3.9,474.0,47.0
Troy MU IDP Walking Shoes ,Grey,Men,Puma,1399,65.0,3.9,414.0,65.0
COURTKING2 Badminton Shoes ,White,Men,Yonex,1299,27.0,4.3,14144.0,1896.0
277 Running Shoes ,"White, Black",Men,Sparx,710,21.0,4.2,49591.0,8624.0
"Bouncer-01 Running shoes for boys | sports shoes for men | Latest Stylish Casual sneakers for men | Lace up lightweight grey shoes for running, walking, gym, trekking, hiking & party Running Shoes ","Grey, Orange",Men,Asian,799,20.0,4.3,126.0,7.0
WNDR-13 Running Shoes ,"Black, Grey",Men,Asian,474,20.0,4.1,244376.0,38977.0
Propel 3D MU IDP Running Shoes ,Blue,Men,Puma,1399,65.0,4.2,381.0,62.0
"Walking Shoes,Gym Shoes,Knit Sports Shoes,Training Shoes,Sports Shoes, Running Shoes,Casual Shoes Running Shoes ","Navy, Blue",Men,Asian,474,20.0,4.1,26554.0,3911.0
Walking Shoes ,Black,Men,MILESWALKER,360,63.0,3.8,961.0,141.0
Acrux IDP Sneakers ,Black,Men,Puma,1584,51.0,4.2,1550.0,181.0
Combo Pack of 5 Casual Loafer Sneakers Shoes High Tops ,Multicolor,Men,Shoefly,949,61.0,3.9,968.0,146.0
Sports Casual Running Shoes ,White,Men,Kraasa,474,52.0,3.9,1185.0,159.0
Propel 3D IDP Running Shoes ,Grey,Men,Puma,1399,65.0,4.2,6272.0,889.0
Shark Bottom Breathable Men's Shoes Breathable Comfortable Running Shoes Fashion Sneakers Running Shoes ,Multicolor,Men,BOLTAGO,426,57.0,3.8,514.0,67.0
"sports shoes for men | Latest Stylish Casual sneakers for men | Lace up lightweight shoes for running, walking, gym, trekking, hiking & party Running Shoes For Men� Running Shoes ",Yellow,Men,LAYASA,389,61.0,4.1,10830.0,1601.0
EVOK Running Shoes ,White,Men,Campus,1299,23.0,4.2,712.0,103.0
Wired Walking Shoes ,Black,Men,Puma,1749,50.0,4.4,527.0,75.0
"Lightweight Combo Pack of 02 Trendy Sneakers Casuals For Men's (Red, Yellow) Sneakers ","Red, Yellow) Sneakers For Men  (Red, Yellow",Men,Chevit,570,42.0,4.0,648.0,85.0
"sports shoes for men | Latest Stylish Casual sneakers for men | Lace up lightweight shoes for running, walking, gym, trekking, hiking & party Running Shoes For Men� Running Shoes ","Black, White",Men,layasa,389,61.0,4.1,10830.0,1601.0
Loafers ,Blue,Men,Clymb,209,58.0,3.8,9982.0,1316.0
1712 Loafers ,Black,Men,TIGONIS,299,70.0,4.1,496.0,69.0
Troy MU IDP Walking Shoes ,Grey,Men,Puma,1399,65.0,3.9,414.0,71.0
Running Shoes ,Black,Men,Aadi,499,50.0,4.1,22406.0,3339.0
Propel 3D MU IDP Running Shoes ,Blue,Men,Puma,1399,65.0,4.2,381.0,62.0
"Running,Gym,Sports Running Shoes ",Red,Men,MILESWALKER,299,70.0,3.8,26753.0,3353.0
GO RUN FAST Running Shoes ,Black,Men,Skechers,2999,40.0,4.4,37.0,11.0
Walking Shoes ,Black,Men,MILESWALKER,360,63.0,3.8,961.0,141.0
Walking Shoes ,Grey,Men,Aadi,379,62.0,4.1,1850.0,262.0
FLEX ADVANTAGE 3.0-MORWICK Walking Shoes ,Blue,Men,Skechers,3179,40.0,4.3,747.0,83.0
"Boots, Outdoors, Boat Shoes Casuals ",Tan,Men,Kraasa,474,52.0,3.8,34688.0,5135.0
Combo Pack of 5 Casual Loafer Sneakers Shoes High Tops ,Multicolor,Men,Shoefly,949,61.0,3.9,968.0,146.0
Propel 3D IDP Running Shoes ,Grey,Men,Puma,1399,65.0,4.2,6272.0,893.0
Jio-13 Running Shoes ,"Silver, Black",Men,Asian,499,16.0,4.1,244376.0,38977.0
Combo pack of 2 shoes for men Walking Shoes ,"Black, Blue",Men,Armado,498,50.0,3.6,8737.0,1039.0
"Airsocks-12 Men's Flyknit Socks Sneakers,Ultra-lightweight, Breathable, Walking, Running, Casual Athleisure Knitted Sock Shoes Walking Shoes ",Grey,Men,Asian,649,56.0,4.1,14562.0,2304.0
Wired Walking Shoes ,Black,Men,Puma,1749,50.0,4.4,527.0,75.0
Lightweight Gymwear Sport Running Shoes Cricket Shoes For Men Black Shoes (Boys) Running Shoes ,Boys) Running Shoes For Men  (Black,Men,RUFFBIRD,299,70.0,3.8,1798.0,268.0
Running Shoes ,Orange,Men,Aadi,426,57.0,4.1,22406.0,3339.0
"sports shoes for men | Latest Stylish Casual sneakers for men | Lace up lightweight shoes for running, walking, gym, trekking, hiking & party Running Shoes For Men� Running Shoes ","Black, White",Men,layasa,389,61.0,4.1,10830.0,1601.0
Ramen Basketball Shoe ,"Black, White",Men,Fila,1299,60.0,4.3,8594.0,1186.0
Socks Shoes Casuals ,"Blue, Black",Men,Sukun,423,57.0,4.1,11429.0,1534.0
STYLISH-WHITE-6 Sneakers ,White,Men,URBANBOX,178,64.0,3.8,2103.0,208.0
Hip Hop Mid Perf IDP Sneakers ,Blue,Men,Puma,1540,55.0,4.3,799.0,138.0
1712 Loafers ,Black,Men,TIGONIS,299,70.0,4.1,496.0,69.0
Troy MU IDP Walking Shoes ,Grey,Men,Puma,1399,65.0,3.9,414.0,65.0
Combo pack of 2 sports and running shoes for men ,Multicolor,Men,Armado,498,50.0,3.6,8737.0,1039.0
Loafers ,Grey,Men,Nobelite,200,59.0,4.1,1671.0,239.0
Propel 3D MU IDP Running Shoes ,Blue,Men,Puma,1399,65.0,4.2,381.0,62.0
KENT Running Shoes ,Navy,Men,Campus,999,23.0,4.2,1720.0,329.0
Lightweight Running Sports Shoes For Men Running Shoes ,"Black, Green",Men,MILESWALKER,349,65.0,4.1,1260.0,195.0
Walking Shoes ,Black,Men,MILESWALKER,360,63.0,3.8,961.0,141.0
Lace Up ,Brown,Men,Mactree,630,63.0,3.9,697.0,121.0
SM-300 Running Shoes ,"Navy, Green",Men,Sparx,688,18.0,4.2,15367.0,2645.0
Propel 3D IDP Running Shoes ,Grey,Men,Puma,1399,65.0,4.2,6272.0,893.0
Electron Street Eng Mesh Sneakers ,Black,Men,Puma,2200,55.0,4.1,89.0,9.0
Combo Pack of 5 Casual Loafer Sneakers Shoes High Tops ,Multicolor,Men,Shoefly,949,61.0,3.9,968.0,146.0
Men's Stylish Loafers ,"Blue, Black",Men,"Lee, Won",211,57.0,3.9,3061.0,419.0
Walking Shoes ,Grey,Men,"Red, Tape",1259,70.0,4.2,374.0,61.0
EQUALIZER 3.0 Walking Shoes ,Grey,Men,Skechers,2999,40.0,4.4,847.0,111.0
SM-397 Training & Gym Shoes ,"Red, Black",Men,Sparx,850,18.0,4.2,17926.0,2877.0
Wired Walking Shoes ,Black,Men,Puma,1749,50.0,4.4,527.0,75.0
GEL-CONTEND 5B Running Shoes ,Black,Men,Asics,2399,40.0,4.2,195.0,34.0
Smart Casuals Canvas Shoes Combo pack of 2 Sneakers ,Multicolor,Men,Chevit,323,67.0,4.0,1179.0,172.0
Combo Pack of 2 Latest Collection Stylish casual Sports Running Shoes Running Shoes ,Multicolor,Men,Axter,478,52.0,3.6,528.0,56.0
2019 summer new Men Sport Running sneakers Lace-up Cushioning Man EAF Sneakers Breathable Outdoor Walking Jogging Trekking Shoes Running Shoes ,Multicolor,Men,"Mr, SHOES",1377,72.0,4.3,648.0,119.0
Oxygen Running Shoes ,"Navy, Blue",Men,Beerock,485,51.0,4.0,83851.0,11551.0
Troy MU IDP Walking Shoes ,Grey,Men,Puma,1399,65.0,3.9,414.0,65.0
Stylish Combos Loafers ,Multicolor,Men,WELDONE,594,60.0,4.0,13433.0,1758.0
Propel 3D MU IDP Running Shoes ,Blue,Men,Puma,1399,65.0,4.2,381.0,62.0
"Mens Flyknit Sneakers, Lightweight, Breathable, Walking, Running, Casual Athleisure Knitted Shoes Running Shoes ",Grey,Men,Kraasa,474,52.0,4.1,759.0,111.0
Walking Shoes ,Black,Men,MILESWALKER,360,63.0,3.8,961.0,148.0
OXYFIT Casuals ,Navy,Men,Campus,789,1.0,4.2,2210.0,323.0
Akayu 2 Badminton Shoes ,"Red, Black",Men,Yonex,1658,33.0,4.2,4843.0,648.0
Slip On ,Black,Men,"ASF, Shoe",299,70.0,3.8,2472.0,334.0
Propel 3D IDP Running Shoes ,Grey,Men,Puma,1399,65.0,4.2,6272.0,889.0
NORTH Running Shoes ,Grey,Men,Campus,1424,5.0,4.2,11426.0,1781.0
Combo Pack of 5 Casual Loafer Sneakers Shoes High Tops ,Multicolor,Men,Shoefly,949,61.0,3.9,968.0,146.0
Combo Pack of 2 Latest Collection Stylish Casual Shoes Sneakers ,Multicolor,Men,Camfoot,328,67.0,3.8,2064.0,272.0
Feather Print New Spring Season White Shoes Men Running Flat PU Sneakers Male White Board Shoes Sports Outdoor Shoes  Sneakers ,White,Men,ASTEROID,599,40.0,4.3,69.0,6.0
Mojaris ,Black,Men,Aadi,426,57.0,4.0,420.0,61.0
Bounder- Arkala Running Shoes ,Navy,Men,Skechers,3479,40.0,4.1,401.0,38.0
Gamble XT IDP Running Shoes ,Grey,Men,Puma,1399,65.0,4.0,1601.0,181.0
EQUALIZER 3.0 Walking Shoes ,Black,Men,Skechers,2879,40.0,4.4,215.0,25.0
Wired Walking Shoes ,Black,Men,Puma,1749,50.0,4.4,527.0,75.0
"Drag-02 Running shoes for boys | sports shoes for men | Latest Stylish Casual sneakers for men | Lace up lightweight navy shoes for running, walking, gym, trekking, hiking & party Lace Up Lace Up Training & Gym Shoes ","Navy, Blue",Men,Asian,999,33.0,4.1,1176.0,199.0
Men SM-406 Grey Running Shoes ,Grey,Men,Sparx,849,19.0,4.2,25051.0,3724.0
SM-162 Sneakers ,Black,Men,Sparx,769,18.0,4.2,67806.0,10761.0
Combo Pack of 2 Latest Collection Stylish casual Sports Running Shoes Running Shoes ,Multicolor,Men,Axter,478,52.0,3.6,528.0,55.0
Go Run Mojo-Radar Running Shoes ,"Black, Red, White",Men,Skechers,3179,47.0,4.0,280.0,33.0
Combo pack of 2 sports and running shoes for men Running Shoes ,Multicolor,Men,Sporter,499,50.0,3.5,1411.0,229.0
ENCOUNTER 7 Football Shoes ,"Blue, Yellow",Men,Nivia,552,5.0,3.9,253.0,32.0
Troy MU IDP Walking Shoes ,Grey,Men,Puma,1399,65.0,3.9,414.0,65.0
ROYCE-2 Running Shoes ,Blue,Men,Campus,954,9.0,4.2,28598.0,4350.0
Propel 3D MU IDP Running Shoes ,Blue,Men,Puma,1399,65.0,4.2,381.0,62.0
Combat Army Boot For Men Boots ,"Green, Black",Men,"Para, Trooper",999,56.0,4.0,2181.0,330.0
"sports shoes for men | Latest Stylish Casual sneakers for men | Lace up lightweight shoes for running, walking, gym, trekking, hiking & party Running Shoes For Men� Sneakers ",Black,Men,layasa,389,61.0,4.1,10830.0,1601.0
Walking Shoes ,Black,Men,MILESWALKER,360,63.0,3.8,961.0,141.0
OXYFIT Casuals ,Navy,Men,Campus,789,1.0,4.2,2210.0,323.0
COURTKING2 Badminton Shoes ,Green,Men,Yonex,1299,27.0,4.3,14145.0,1915.0
Lace Up ,Brown,Men,Mactree,630,63.0,3.9,697.0,121.0
Propel 3D IDP Running Shoes ,Grey,Men,Puma,1399,65.0,4.2,6272.0,889.0
COSTA Running Shoes ,White,Men,Campus,989,5.0,4.1,221.0,29.0
MEN's Hiking & Trekking Shoes ,"Black, Beige",Men,Aadi,474,52.0,4.0,5245.0,784.0
Combo Pack of 5 Casual Loafer Sneakers Shoes High Tops ,Multicolor,Men,Shoefly,949,61.0,3.9,968.0,146.0
Combo of 2 Casuals ,Multicolor,Men,Abisto,299,70.0,4.0,910.0,100.0
Suede Leather Chelsea Boots ,Tan,Men,Freacksters,1661,52.0,4.2,3090.0,417.0
SC0620G Canvas Shoes ,"Grey, Blue",Men,Sparx,999,20.0,4.2,2648.0,397.0
Girls Casual Partywear Sneakers For Women Sneakers ,Grey,Women,JIANSH,399,60.0,4.1,6118.0,925.0
MCW-145 Running Shoes ,Multicolor,Men,BRUTON,299,76.0,3.7,14495.0,2095.0
Wired Walking Shoes ,Black,Men,Puma,1749,50.0,4.4,527.0,75.0
Men SM-487 Black White Running Shoes ,"Black, White",Men,Sparx,1371,19.0,4.3,1340.0,221.0
Walking Shoes ,White,Men,"Red, Tape",1259,70.0,4.2,374.0,55.0
Men's Maroon Mesh Running Sport Shoes Running Shoes ,Maroon,Men,Aadi,379,62.0,4.1,1850.0,239.0
Belt gry Walking Shoes ,Grey,Men,Woati,348,61.0,3.9,147.0,17.0
Combo Pack of 2 Latest Collection Stylish casual Sports Running Shoes Running Shoes ,Multicolor,Men,Axter,478,52.0,3.6,528.0,55.0
CRYSTA Running Shoes ,Blue,Men,Campus,786,25.0,4.1,6590.0,1000.0
Troy MU IDP Walking Shoes ,Grey,Men,Puma,1399,65.0,3.9,414.0,65.0
Combo pack of 2 sports and running shoes for men Running Shoes ,Multicolor,Men,Sporter,498,50.0,3.8,704.0,108.0
Men SM-379 Black Red Walking Shoes ,"Red, Black",Men,Sparx,1094,24.0,3.8,791.0,108.0
Running Shoes ,White,Men,Asian,499,16.0,4.0,12182.0,1837.0
Propel 3D MU IDP Running Shoes ,Blue,Men,Puma,1399,65.0,4.2,381.0,62.0
shoes for Men pack of 2 Combo Casuals ,Multicolor,Men,Bersache,498,50.0,4.0,132.0,15.0
casual shoe for men Sneakers ,Black,Men,bluemaker,399,60.0,3.9,1241.0,161.0
PRO-CAP-AW1016 Boots ,Brown,Men,Provogue,799,55.0,4.0,6151.0,985.0
"Combo pack of 2 casual, loafer and sneaker shoes for men Loafers ",Multicolor,Men,Armado,419,58.0,4.1,64.0,8.0
men Air Cushion Basketball Sneakers Anti-skid High-top Basketball Shoes ,White,Men,"Mr, SHOES",1424,71.0,3.6,127.0,21.0
Walking Shoes ,Black,Men,MILESWALKER,360,63.0,3.8,961.0,141.0
COURTKING2 Badminton Shoes ,Silver,Men,Yonex,1299,27.0,4.3,14145.0,1915.0
Propel 3D IDP Running Shoes ,Grey,Men,Puma,1399,65.0,4.2,6272.0,893.0
GEL-CONTEND 5B Running Shoes ,Black,Men,Asics,2399,40.0,4.2,195.0,34.0
Combo Pack of 5 Casual Loafer Sneakers Shoes High Tops ,Multicolor,Men,Shoefly,949,61.0,3.9,968.0,146.0
Black Money Boots ,"Red, Black",Men,Essence,499,50.0,3.8,5568.0,714.0
EQUALIZER 3.0 Sneakers ,Black,Men,Skechers,2999,40.0,4.4,847.0,111.0
Wired Walking Shoes ,Black,Men,Puma,1749,50.0,4.4,527.0,75.0
BLACK SHARK Training & Gym Shoes ,Black,Men,XYLUS,379,62.0,4.1,700.0,97.0
Running Shoes ,Black,Men,Adza,474,78.0,3.8,23371.0,3379.0
Walking Shoes ,White,Men,Numenzo,388,61.0,3.9,887.0,103.0
"Walking Shoes,Gym Shoes,Knit Sports Shoes,Training Shoes,Sports Shoes, Running Shoes,Casual Shoes Running Shoes ",Black,Men,Asian,474,20.0,4.1,26554.0,3911.0
Troy MU IDP Walking Shoes ,Grey,Men,Puma,1399,65.0,3.9,414.0,71.0
Akayu 2 Badminton Shoes ,"Red, Black",Men,Yonex,1658,33.0,4.2,4843.0,647.0
Propel 3D MU IDP Running Shoes ,Blue,Men,Puma,1399,65.0,4.2,381.0,62.0
COURTKING2 Badminton Shoes ,Red,Men,Yonex,1299,27.0,4.3,14145.0,1915.0
Sneakers ,Red,Men,BRUTON,249,58.0,3.9,42.0,2.0
Walking Shoes ,Black,Men,MILESWALKER,360,63.0,3.8,961.0,141.0
Socks Shoes Casuals ,Grey,Men,Sukun,423,57.0,4.1,11429.0,1534.0
SM-620 Sneakers ,"Black, Red",Men,Sparx,999,20.0,4.2,2648.0,397.0
Walking Shoes ,"Pink, Grey",Women,Asian,664,55.0,4.2,21349.0,3176.0
Combo Pack of 5 Casual Loafer Sneakers Shoes High Tops ,Multicolor,Men,Shoefly,949,61.0,3.9,968.0,146.0
BOUNDER-MIRKLE Running Shoes ,Black,Men,Skechers,3299,40.0,4.0,476.0,47.0
Propel 3D IDP Running Shoes ,Grey,Men,Puma,1399,65.0,4.2,6272.0,889.0
"Hattrick-02 Running shoes for boys | laceless sports shoes for men | Latest Stylish Casual sneakers for men without laces | Slip on blue shoes for running, walking, gym, trekking & party Walking Shoes ","Blue, Blue",Men,Asian,759,24.0,4.0,544.0,99.0
Slip On ,Tan,Men,Bata,999,50.0,4.0,125.0,22.0
"Mesh Running Shoes ,Cricket Shoes , Badminton Shoes , Volly Ball Shoes , Sports Shoes For Mens And Boys? Running Shoes For Men Running Shoes ",Grey,Mens,obot,299,70.0,4.1,40.0,4.0
Casuals ,"Blue, Orange",Men,Clymb,211,57.0,3.8,9982.0,1316.0
casual for men sneaker shoes high top shoes stylish High Tops ,Yellow,Men,DOLLER,449,55.0,4.1,3085.0,395.0
Combo Pack of 3 Casual Shoes ,Navy,Men,Stinson,698,53.0,3.8,526.0,62.0
Wired Walking Shoes ,Black,Men,Puma,1749,50.0,4.4,527.0,76.0
White Sneaker For Men's/Boy's Sneakers ,White,Men,Claptrap,379,15.0,4.0,4905.0,604.0
NORTH Running Shoes ,Black,Men,Campus,1424,5.0,4.2,11426.0,1781.0
Go Run 600-Spectra Running Shoes ,Grey,Men,Skechers,3179,40.0,4.3,150.0,23.0
Combo Pack of 2 Latest Collection Stylish casual Sports Running Shoes Running Shoes ,Multicolor,Men,Axter,478,52.0,3.6,528.0,56.0
170 Smart Grey Lace-Ups Casuals for Men Sneakers ,Grey,Men,Chevit,236,52.0,4.0,9517.0,1053.0
 Men's Combo Pack Of 3 Synthetic Casuals Shoes Sneakers ,Multicolor,Men,Fabbmate,999,66.0,3.7,2234.0,260.0
Troy MU IDP Walking Shoes ,Grey,Men,Puma,1399,65.0,3.9,414.0,71.0
Walking Shoes ,"Pink, Grey",Women,Asian,664,55.0,4.2,21349.0,3176.0
fuzor B Running Shoes ,Black,Men,Asics,2279,40.0,4.4,298.0,52.0
Sports shoe Running Shoes ,"Black, Grey",Men,SEGA,599,36.0,3.9,4297.0,645.0
Propel 3D MU IDP Running Shoes ,Blue,Men,Puma,1399,65.0,4.2,381.0,62.0
COURTKING2 Badminton Shoes ,Red,Men,Yonex,1299,27.0,4.3,14145.0,1896.0
Walking Shoes ,Black,Men,MILESWALKER,360,63.0,3.8,961.0,148.0
VERTIGO NAVY RUNNING SHOES For MEN 6 Running Shoes ,Navy,MEN,Lotto,899,64.0,4.1,113634.0,15655.0
Party Wear Shoes ,Black,Men,Aadi,474,52.0,4.1,4666.0,681.0
Casuals ,"Blue, Orange",Men,Clymb,211,57.0,3.8,9982.0,1316.0
Shoes Kingdom _LB791 Mocassins Casual Loafers For Men (Black) Loafers ,Black) Loafers For Men  (Black,Men,"Shoes, Kingdom",739,26.0,3.7,6168.0,795.0
Combo Pack of 5 Casual Loafer Sneakers Shoes High Tops ,Multicolor,Men,Shoefly,949,61.0,3.9,968.0,146.0
"White Blue Sports Shoes,Gym Shoes,Training Shoes,Formal Shoes,Walking Shoes, Running Shoes ","White, Blue",Men,Asian,640,35.0,4.0,92580.0,13814.0
"sports shoes for men | Latest Stylish Casual sneakers for men | Lace up lightweight shoes for running, walking, gym, trekking, hiking & party Running Shoes For Men� Running Shoes ","Black, White",Men,layasa,389,61.0,4.1,10830.0,1601.0
Walking Shoes ,Olive,Men,"Red, Tape",1259,70.0,4.2,374.0,61.0
Propel 3D IDP Running Shoes ,Grey,Men,Puma,1399,65.0,4.2,6272.0,893.0
"Airsocks-12 Men's Flyknit Socks Sneakers,Ultra-lightweight, Breathable, Walking, Running, Casual Athleisure Knitted Sock Shoes Walking Shoes ","Grey, Maroon",Men,Asian,649,56.0,4.1,14562.0,2304.0
Wired Walking Shoes ,Black,Men,Puma,1749,50.0,4.4,527.0,75.0
Burst Slipon Wn s IDP Sneakers ,Green,Women,Puma,1937,51.0,4.3,2133.0,338.0
EASY VULC 2.0 Sneakers ,Black,Men,ADIDAS,2127,46.0,4.0,1006.0,101.0
Troy MU IDP Walking Shoes ,Grey,Men,Puma,1399,65.0,3.9,414.0,65.0
PRO-CAP-AW1016 Boots ,Brown,Men,Provogue,799,55.0,4.0,6151.0,985.0
Burst Slipon Wn s IDP Sneakers ,Green,Women,Puma,1937,51.0,4.3,2133.0,337.0
school shoes Running Shoes ,Black,Men,ADIDAS,664,73.0,3.5,325.0,40.0
Propel 3D MU IDP Running Shoes ,Blue,Men,Puma,1399,65.0,4.2,381.0,62.0
WNDR-11 Running Shoes For Men Running Shoes ,Multicolor,Men,TR,499,50.0,4.3,107.0,20.0
Density Running Shoes ,"Navy, White",Men,Density,445,55.0,3.9,31777.0,4489.0
Walking Shoes ,Black,Men,MILESWALKER,360,63.0,3.8,961.0,141.0
Corporate Derby Lace Up Derby ,Black,Men,Bata,790,1.0,4.1,971.0,154.0
Men Synthetic Leather Office Black Formal Shoes Slip On Shoes ,Black,Men,Kraasa,474,52.0,3.8,14198.0,2231.0
Men SM-402 Navy Blue Slip On Sneakers ,Navy,Men,Sparx,445,10.0,4.2,28398.0,4583.0
"Combo pack of 2, casual, sneaker shoes for men ",Multicolor,Men,Armado,498,50.0,3.6,8738.0,1039.0
Combo Pack of 5 Casual Loafer Sneakers Shoes High Tops ,Multicolor,Men,Shoefly,949,61.0,3.9,968.0,146.0
Acrux IDP Sneakers ,Green,Men,Puma,1584,51.0,4.2,1550.0,181.0
Propel 3D IDP Running Shoes ,Grey,Men,Puma,1399,65.0,4.2,6272.0,889.0
"Wndr,Cosco-13 Full Black Boys School Shoes,Running Shoes,Walking Shoes,Sports Shoes,Gym Shoes Running Shoes ",Black,Men,Asian,569,43.0,4.0,19642.0,3259.0
Walking Shoes ,"Black, Grey",Men,Asian,499,16.0,4.0,18135.0,2686.0
Running Shoes ,White,Men,Asian,499,16.0,4.0,12182.0,1837.0
Men SM-375 Blue Running Shoes ,Blue,Men,Sparx,810,18.0,4.3,2061.0,346.0
Equalizer 3.0 Walking Shoes ,Blue,Men,Skechers,2879,40.0,4.3,422.0,34.0
Wired Walking Shoes ,Black,Men,Puma,1749,50.0,4.4,527.0,75.0
Casuals ,Red,Men,Kzaara,189,81.0,3.9,3851.0,424.0
Combo Pack of 2 Latest Collection Stylish casual Sports Running Shoes Running Shoes ,Multicolor,Men,Axter,478,52.0,3.6,528.0,55.0
Casuals ,White,Men,TR,349,65.0,3.7,2613.0,374.0
Troy MU IDP Walking Shoes ,Grey,Men,Puma,1399,65.0,3.9,414.0,65.0
Casuals ,Orange,Men,Aadi,297,70.0,4.0,293.0,33.0
Women's/Girls Trendy Fashionable Lightweight Comfortable shoe Sneakers ,White,Women,RINDAS,370,62.0,4.2,894.0,122.0
Propel 3D MU IDP Running Shoes ,Blue,Men,Puma,1399,65.0,4.2,381.0,62.0
Appeal Badminton Shoes ,Multicolor,Men,Nivia,764,23.0,4.2,3065.0,406.0
Men Synthetic Leather Office Black Formal Shoes Slip On Shoe ,Black,Men,Kraasa,474,52.0,3.7,20394.0,2765.0
Walking Shoes ,Grey,Men,"M7, By, Metronaut",590,60.0,4.0,3784.0,492.0
"Worldcup-03 Running shoes for boys | sports shoes for men | Latest Stylish Casual sneakers for men | Lace up lightweight black shoes for running, walking, gym, trekking, hiking & party ","Black, Maroon",Men,Asian,1329,33.0,4.1,1996.0,260.0
Walking Shoes ,Black,Men,MILESWALKER,360,63.0,3.8,961.0,148.0
Men's Black ankle lenght High Tops ,Tan,Men,ADISO,399,60.0,4.0,5689.0,607.0
Combo Pack of 2 Casual Shoes Casuals ,Multicolor,Men,Birde,599,40.0,4.0,5.0,3.0
Combo Pack of 5 Casual Loafer Sneakers Shoes High Tops ,Multicolor,Men,Shoefly,949,61.0,3.9,968.0,146.0
Nagra Jutti Jutis ,Black,Men,MGZ,271,66.0,3.9,177.0,19.0
Running Shoes ,Grey,Men,Clymb,284,71.0,3.6,1113.0,130.0
Propel 3D IDP Running Shoes ,Grey,Men,Puma,1399,65.0,4.2,6272.0,889.0
Running Running Shoes ,Black,Men,Clymb,284,71.0,3.6,1113.0,130.0
FORMAL SHOES Lace Up For Men ,Brown,Men,"shoes, for, men",317,68.0,4.0,316.0,38.0
Wired Walking Shoes ,Black,Men,Puma,1749,50.0,4.4,527.0,75.0
Bond Street By Red Tape Walking Shoes ,Navy,Men,"Bond, Street, By, Red, Tape",1018,70.0,4.2,857.0,158.0
Fly.By Mid Basketball Shoes ,"Black, Red",Men,Nike,3326,26.0,4.2,396.0,53.0
Walking Shoes ,"Black, Grey",Men,Asian,499,16.0,4.0,18136.0,2656.0
Men Leather Semi Formal Loafers ,Brown,Men,"Red, Tape",1408,70.0,3.9,1705.0,285.0
Troy MU IDP Walking Shoes ,Grey,Men,Puma,1399,65.0,3.9,414.0,65.0
Canvas Shoes ,"White, Black",Men,Gusto,246,50.0,3.7,1188.0,135.0
Casuals ,Red,Men,Kzaara,189,81.0,3.9,3851.0,424.0
Court Borough Low Sneakers ,Black,Men,Nike,2652,38.0,4.2,1312.0,169.0
Propel 3D MU IDP Running Shoes ,Blue,Men,Puma,1399,65.0,4.2,381.0,62.0
Walking Shoes ,Grey,Women,Sparx,880,11.0,4.4,955.0,177.0
Walking Shoes ,Black,Men,MILESWALKER,360,63.0,3.8,961.0,141.0
Combo Pack of 5 Casual Loafer Sneakers Shoes High Tops ,Multicolor,Men,Shoefly,949,61.0,3.9,968.0,146.0
"Century-04 Running shoes for boys | sports shoes for men | Latest Stylish Casual sport shoes for men | Lace up Lightweight turquoise shoes for running, walking, gym, trekking, hiking & party Running Shoes ",Blue,Men,Asian,649,35.0,4.1,1229.0,222.0
Propel 3D IDP Running Shoes ,Grey,Men,Puma,1399,65.0,4.2,6272.0,889.0
STYLISH white Multicolor Canvas Shoes Party Wear Men Running Casual Sneakers boys/Girls Sneakers ,"Navy, Red",Men,Ktiz,449,55.0,4.1,502.0,86.0
Air Max Impact Basketball Shoes ,Black,Men,Nike,5676,29.0,4.3,106.0,12.0
Men's Running & Sports Shoes Running Shoes ,Grey,Men,Denvr,240,59.0,3.6,165.0,25.0
GO RUN 600 - DIVERT Running Shoes ,Grey,Men,Skechers,2999,40.0,4.3,472.0,64.0
Wired Walking Shoes ,Black,Men,Puma,1749,50.0,4.4,527.0,75.0
Combo Pack of 2 Sports Shoes (Walking Shoes) Walking Shoes ,"Walking Shoes) Walking Shoes For Men  (Black, Blue",Men,Marabous,498,50.0,3.4,748.0,108.0
Rider-01 White Running Shoes for Men I Sport Shoes for Boys with Beads Technology Sole for Extra Jump I Memory Foam Insole ,"White, White",Men,Asian,1699,15.0,4.2,128.0,25.0
GO RUN 600 Running Shoes ,Black,Men,Skechers,2999,40.0,4.4,660.0,80.0
Combo Pack of 2 Latest Collection Stylish casual Sports Running Shoes Running Shoes ,Multicolor,Men,Axter,478,52.0,3.6,528.0,55.0
DECLAN Lace Up ,Tan,Men,Bata,1172,31.0,4.0,1520.0,204.0
Lace Up ,Tan,Men,"Franco, Leone",1099,50.0,4.2,9.0,1.0
Troy MU IDP Walking Shoes ,Grey,Men,Puma,1399,65.0,3.9,414.0,65.0
KS4 BlackGrey Running Shoes ,"Black, Grey",Men,SEGA,649,23.0,4.2,696.0,114.0
Combo Pack of 2 Affordable Range of Stylish Sports Running Shoes For Men Slip On Sneakers ,Multicolor,Men,"World, Wear, Footwear",399,60.0,3.8,2326.0,359.0
Propel 3D MU IDP Running Shoes ,Blue,Men,Puma,1399,65.0,4.2,381.0,62.0
Comfortable Men's Canvas Black Boxer Shoes Walking Casual Sport Running Canvas Sneaker Shoes for Men/Boy High Tops ,Black,Men,Tryviz,272,54.0,3.9,788.0,86.0
COBRABROWN3101 Casuals ,Brown,Men,ESSENCE,499,50.0,3.8,2763.0,422.0
Walking Shoes ,Black,Men,MILESWALKER,360,63.0,3.8,961.0,141.0
Perfect Stylish Girls High Ankle Boots ,Grey,Women,"Toshina, shoes, king",399,60.0,4.2,5869.0,1048.0
Cricket Walking Gym Jogging Comfortable Running Shoes ,Black,Men,Flickfinger,312,68.0,3.8,86.0,16.0
Marathon Running Shoes ,"Red, Black",Men,SEGA,599,36.0,4.0,2415.0,312.0
NIKE ZOOM WINFLO 7 Running Shoes ,Black,Men,Nike,5676,29.0,4.1,15.0,2.0
Bounder- Arkala Running Shoes ,Black,Men,Skechers,3479,40.0,4.1,401.0,38.0
Combo Pack of 5 Casual Loafer Sneakers Shoes High Tops ,Multicolor,Men,Shoefly,949,61.0,3.9,968.0,146.0
Axis Tech Sneakers ,Grey,Men,Puma,2200,55.0,4.5,11.0,1.0
"Combo pack of 2, casual, sneaker shoes for men ",Multicolor,Men,Armado,498,50.0,3.6,8738.0,1111.0
Sneakers ,White,Men,Inklenzo,350,64.0,3.9,610.0,66.0
Propel 3D IDP Running Shoes ,Grey,Men,Puma,1399,65.0,4.2,6272.0,889.0
Surface IDP Sneakers ,Maroon,Men,Puma,1452,55.0,4.3,373.0,56.0
Elasto-02 Grey Black Running Shoes ,"Grey, Black",Women,Asian,699,53.0,4.2,21349.0,3176.0
GO RUN FOCUS-ATHOS Training & Gym Shoes ,Black,Men,Skechers,2879,40.0,4.1,298.0,39.0
Wired Walking Shoes ,Black,Men,Puma,1749,50.0,4.4,527.0,76.0
Running Shoes ,Navy,Men,"HRV, SPORTS",569,43.0,4.4,19.0,3.0
Kivaro 1 M Running Shoes ,Grey,Men,ADIDAS,2488,45.0,4.1,302.0,40.0
Troy MU IDP Walking Shoes ,Grey,Men,Puma,1399,65.0,3.9,414.0,65.0
"Excel-15 Firozi Athleisure Sports Range,Jooti Walking Shoes ",Blue,Men,Asian,592,40.0,4.0,5707.0,871.0
"sports shoes for men | Latest Stylish Casual sneakers for men | Lace up lightweight shoes for running, walking, gym, trekking, hiking & party Running Shoes For Men Running Shoes ",Green,Men,Kavon,299,70.0,4.1,373.0,34.0
SM-484 Walking Shoes ,Blue,Men,Sparx,1249,5.0,4.2,1743.0,249.0
Troy MU IDP Walking Shoes ,Black,Men,Puma,1799,55.0,3.9,414.0,65.0
Propel 3D MU IDP Running Shoes ,Blue,Men,Puma,1399,65.0,4.2,381.0,62.0
"Mocassin, Casuals, Party Wear Loafers ",Black,Men,Kraasa,474,52.0,3.9,6557.0,910.0
Walking Shoes ,Black,Men,MILESWALKER,360,63.0,3.8,961.0,141.0
Lightweight Pack Of 1 Trendy Sneakers Sneakers ,Multicolor,Men,BRUTON,249,58.0,3.9,42.0,2.0
Rajasthani Jaipuri Partywear Ethnic Womens Girls Ladies Jutis ,Blue,Women,YAMISHU,199,66.0,4.1,339.0,48.0
GLIDE ULTRA Walking Shoes ,Grey,Men,Skechers,2999,40.0,4.1,374.0,34.0
"Mens Flyknit Sneakers, Lightweight, Breathable, Walking, Running, Casual Athleisure Knitted Shoes Running Shoes ",Black,Men,Kraasa,474,52.0,4.1,759.0,111.0
Combo Pack of 5 Casual Loafer Sneakers Shoes High Tops ,Multicolor,Men,Shoefly,949,61.0,3.9,968.0,146.0
ALL ENGLAND 12 Badminton Shoes ,Grey,Men,Yonex,1879,34.0,4.2,1334.0,220.0
Kyris 4.0 Ms Running Shoes ,Blue,Men,ADIDAS,2041,52.0,4.1,8512.0,1033.0
Flash Badminton Shoes ,"Grey, Yellow",Men,Nivia,792,20.0,4.0,2890.0,361.0
Lace Up ,Brown,Men,"Lee, Cooper",1099,56.0,3.9,15423.0,2358.0
SM-406 Running Shoes ,"Navy, Grey",Men,Sparx,850,18.0,4.2,25052.0,3724.0
VERTIGO NAVY RUNNING SHOES For MEN 6 Running Shoes ,Navy,MEN,Lotto,899,64.0,4.1,113634.0,15655.0
SM-500 Casuals ,"Black, Gold",Men,Sparx,850,18.0,4.3,1484.0,236.0
Casuals ,Black,Men,xylus,379,76.0,4.1,1498.0,277.0
Propel 3D IDP Running Shoes ,Grey,Men,Puma,1399,65.0,4.2,6272.0,893.0
Icon IDP Sneakers ,Navy,Men,Puma,1584,51.0,4.1,6877.0,908.0
Fashion Outdoor Canvas Casual Light Weight Lace-up Evening Walk Sneakers ,Multicolor,Men,Arivo,448,65.0,4.0,1020.0,189.0
BMW M Motorsport X-Ray Sneakers ,White,Men,Puma,4479,44.0,4.5,146.0,17.0
Combo Pack of 2 Latest Collection Stylish casual Sports Running Shoes Running Shoes ,Multicolor,Men,Axter,478,52.0,3.6,528.0,55.0
WMNS TODOS Running Shoes ,"White, Pink",Women,Nike,2023,49.0,4.4,273.0,40.0
Combo Pack of 2 Latest Collection Stylish casual Sports Running Shoes Running Shoes ,Multicolor,Men,Axter,449,55.0,3.5,2207.0,314.0
Sneakers ,Blue,Men,TR,350,64.0,4.3,46.0,2.0
"Breathable, Walking, Running, Casual,Gym Shoes Walking Shoes ",Pink,Women,Shozie,399,60.0,3.9,632.0,85.0
Troy MU IDP Walking Shoes ,Grey,Men,Puma,1399,65.0,3.9,414.0,65.0
Leather Semi-formals Lace Up ,Tan,Men,"Red, Tape",1768,70.0,4.1,663.0,95.0
NUM0001 Oxford ,Black,Men,NUMERA,359,55.0,3.9,126.0,15.0
Propel 3D MU IDP Running Shoes ,Blue,Men,Puma,1399,65.0,4.2,381.0,62.0
"Fashionable Durable Breathable Running shoes for boys | sports shoes for men | Latest Stylish Casual sport shoes for men | Lace up Lightweight Orange shoes for running,jogging,training, walking, gym, trekking, hiking & party Running Shoes ",Orange,Men,"My, Walk",399,60.0,4.2,255.0,25.0
Walking Shoes ,Multicolor,Men,Magnolia,449,70.0,3.8,94.0,12.0
Walking Shoes ,Black,Men,MILESWALKER,360,63.0,3.8,961.0,141.0
Men's Stylish Loafers ,"Red, Black",Men,"Lee, Won",211,57.0,3.9,3061.0,419.0
"Cute Grey Peach Sports Shoes,Gym Shoes,Casual Shoes,Walking Shoes, Running Shoes ","Grey, Pink",Women,Asian,489,8.0,4.1,20840.0,3504.0
Combo Pack of 5 Casual Loafer Sneakers Shoes High Tops ,Multicolor,Men,Shoefly,949,61.0,3.9,968.0,146.0
Propel 3D IDP Running Shoes ,Grey,Men,Puma,1399,65.0,4.2,6272.0,889.0
Running Shoes For Men Running Shoes ,Yellow,Men,DIGITRENDZZ,299,70.0,4.3,12.0,1.0
Running Shoes For Men Running Shoes ,Black,Men,YAMISHU,399,60.0,3.0,7.0,1.0
CR2-GREY Walking Shoes ,Grey,Men,"Absolute, comfort",268,73.0,3.7,230.0,31.0
Combo Pack of 2 Latest Collection Stylish casual Sports Running Shoes ,Multicolor,Men,Shoefly,478,52.0,3.7,214.0,26.0
"Men's Causal Sneaker,Black SUP, Wallking Running Smart Sneakers Neon Orange Black Shoes Sneakers ",Green,Men,CEATO,369,63.0,4.4,76.0,12.0
Fashion 482 Yellow Mesh Outdoor Casuals Running shoes for Men's Outdoors ,Yellow,Men,Chevit,369,26.0,4.1,110.0,11.0
Combo Pack of 2 Latest Collection Stylish casual Sports Running Shoes Running Shoes ,Multicolor,Men,Axter,478,52.0,3.6,528.0,56.0
Climber Boots ,Bronze,Men,Kraasa,555,44.0,4.0,52379.0,6709.0
White Sneaker For Men's/Boy's Sneakers ,White,Men,Claptrap,379,15.0,4.0,4905.0,604.0
"Women Running, Walking, Sports Shoes For Girls Running Shoes ",Black,Girls,FASHIMO,499,33.0,4.1,2583.0,387.0
Running Shoes ,"Orange, Black",Men,Aadi,449,55.0,4.1,22406.0,3416.0
Combo Pack of 2 Latest Collection Stylish casual Sports Running Shoes Running Shoes ,Multicolor,Men,Axter,449,55.0,3.5,2207.0,308.0
casual for men sneaker shoes high top shoes stylish High Tops ,Blue,Men,DOLLER,449,55.0,4.1,3085.0,395.0
Casuals ,Brown,Men,Hotmess,338,32.0,3.9,1419.0,191.0
Troy MU IDP Walking Shoes ,Grey,Men,Puma,1399,65.0,3.9,414.0,65.0
Derby ,Black,Men,"Red, Tape",1498,70.0,4.1,2465.0,337.0
Men SM-375 Blue Running Shoes ,Blue,Men,Sparx,810,18.0,4.3,2061.0,346.0
STREETMIGHTY Basketball Shoes ,White,Men,ADIDAS,3659,39.0,4.1,14.0,1.0
Propel 3D MU IDP Running Shoes ,Blue,Men,Puma,1399,65.0,4.2,381.0,62.0
Go Walk 4 Walking Shoes ,Navy,Men,Skechers,3248,43.0,4.2,272.0,50.0
Walking Shoes ,Black,Men,MILESWALKER,360,63.0,3.8,961.0,141.0
Running Shoes ,"Maroon, Black, Navy, Grey",Men,"M7, By, Metronaut",590,60.0,3.9,530.0,67.0
High Ankle Boots ,Black,Men,Runway,474,52.0,4.0,1076.0,159.0
Casuals ,Black,Men,Aadi,284,71.0,3.7,4905.0,535.0
Party Wear ,White,Men,Inklenzo,391,60.0,4.0,188.0,27.0
Combo Pack of 5 Casual Loafer Sneakers Shoes High Tops ,Multicolor,Men,Shoefly,949,61.0,3.9,968.0,146.0
Sb Charge Slr Sneakers ,Black,Men,Nike,3326,26.0,4.3,390.0,56.0
Women's punjabi jutti Jutis ,Brown,Women,"Royal, Khwaab",349,65.0,3.9,37.0,9.0
Running Shoes ,"Red, Black",Men,Sparx,688,18.0,4.2,5951.0,1056.0
Propel 3D IDP Running Shoes ,Grey,Men,Puma,1399,65.0,4.2,6272.0,889.0
Combo Pack of 4 Affordable Range of Stylish Casual Comfortable Sports Shoes Running Shoes For Men Running Shoes ,Multicolor,Men,"World, Wear, Footwear",698,65.0,4.7,3.0,0.0
MAKAIO Running Shoe ,Navy,Men,Fila,1374,45.0,4.1,2103.0,309.0
Men SM-482 Navy Blue Neon Orange Running Shoes ,"Navy, Orange",Men,Sparx,1149,14.0,4.2,11588.0,1603.0
SOCKS Running Shoes ,Blue,Men,Density,474,52.0,4.1,60833.0,9019.0
"Hiking & Trekking,Sports Shoes for Men Hiking & Trekking Shoes ","Grey, Brown",Men,Stinson,498,50.0,3.9,57.0,10.0
Rebound LayUp SL High Tops ,White,Men,Puma,2849,43.0,4.3,584.0,74.0
Combo Pack of 2 Latest Collection Stylish casual Sports Running Shoes Running Shoes ,Multicolor,Men,Axter,478,52.0,3.6,528.0,55.0
Corporate Casuals ,Brown,Men,"Lee, Cooper",920,63.0,3.8,292.0,40.0
Court Royale AC Sneakers ,White,Men,Nike,3326,26.0,4.2,1593.0,208.0
Advantage Base Sneakers ,White,Men,ADIDAS,3049,39.0,4.1,264.0,22.0
Sneakers ,Black,Men,Bonexy,350,64.0,3.8,1845.0,157.0
Nagra Jutti Jutis ,Black,Men,MGZ,271,66.0,3.9,198.0,21.0
Combo Pack of 2 Latest Collection Stylish casual Sports Running Shoes Running Shoes ,Multicolor,Men,Axter,449,55.0,3.5,2207.0,308.0
Sneakers ,Off White,Men,"Red, Tape",1258,70.0,4.2,559.0,66.0
Propel 3D MU IDP Running Shoes ,Blue,Men,Puma,1399,65.0,4.2,381.0,62.0
Slip On ,Tan,Men,Essence,499,50.0,4.0,1363.0,213.0
Walking Shoes ,Black,Men,MILESWALKER,360,63.0,3.8,961.0,141.0
"Mens Flyknit Sneakers, Lightweight, Breathable, Walking, Running, Casual Athleisure Knitted Shoes Running Shoes ",Navy,Men,Kraasa,474,52.0,4.1,759.0,111.0
Combo Pack of 5 Casual Loafer Sneakers Shoes High Tops ,Multicolor,Men,Shoefly,949,61.0,3.9,968.0,146.0
Men SM-443 White Royal Blue Running Shoes ,"White, Blue",Men,Sparx,1249,16.0,4.1,1597.0,259.0
Troy MU IDP Walking Shoes ,Grey,Men,Puma,1399,65.0,3.9,414.0,65.0
Combo-(5)-720-489-486-1002-492 Casual Loafers ,5)-720-489-486-1002-492 Casual Loafers For Men  (Multicolor,Men,"World, Wear, Footwear",699,71.0,4.0,2664.0,393.0
Loafers ,Copper,Men,Rockfield,399,60.0,3.9,1080.0,166.0
Propel 3D IDP Running Shoes ,Grey,Men,Puma,1399,65.0,4.2,6272.0,889.0
Oxygen Running Shoes ,"Black, Red",Men,Beerock,485,51.0,4.0,83851.0,11551.0
Combo Pack of 2 Latest Collection Stylish casual Sports Running Shoes Running Shoes ,Multicolor,Men,Axter,478,52.0,3.6,528.0,55.0
AMPLICA Running Shoes ,Grey,Men,Asics,2999,40.0,4.2,1453.0,179.0
Lace Up ,Black,Men,Mactree,949,67.0,3.8,2771.0,416.0
Combo Pack of 2 Latest Collection Stylish casual Sports Running Shoes Running Shoes ,Multicolor,Men,Axter,449,55.0,3.5,2207.0,308.0
Tenaz Training & Gym Shoes ,Black,Men,Puma,2339,41.0,4.3,1012.0,141.0
Designer Loafers ,Maroon,Men,Nobelite,201,59.0,4.1,1671.0,239.0
ATLANTA NEO Sneakers ,Olive,Men,Lotto,599,70.0,4.0,14952.0,2227.0
Court Borough Mid High Tops ,White,Men,Nike,3288,40.0,4.3,532.0,55.0
GLIDE 2.0 ULTRA Slip On Sneakers ,Black,Men,Skechers,3179,40.0,4.3,451.0,46.0
Wired Walking Shoes ,Black,Men,Puma,1749,50.0,4.4,527.0,75.0
 SS 19 Basketball Shoes ,"White, Black",Men,Fila,1682,49.0,4.4,3938.0,587.0
"Hattrick-09 Running shoes for boys |sports shoes for men | Latest Stylish Casual sneakers for men | Lace up lightweight white shoes for running, walking, gym, trekking, hiking & party Running Shoes ","White, White",Men,Asian,759,24.0,4.0,1386.0,230.0
Boots ,Brown,Men,"Lee, Cooper",998,60.0,4.0,359.0,48.0
Troy MU IDP Walking Shoes ,Grey,Men,Puma,1399,65.0,3.9,414.0,65.0
BRYONT Sneakers ,Blue,Men,Fila,1536,47.0,4.2,346.0,51.0
Mens Ultraforce Mid-top Athletic-Inspired Retro Fashion Casual/outdoor Sneakers Sneakers ,White,Men,"Bacca, Bucci",949,62.0,4.2,62.0,15.0
Loafers ,Copper,Men,Rockfield,399,60.0,3.9,1080.0,166.0
Propel 3D MU IDP Running Shoes ,Blue,Men,Puma,1399,65.0,4.2,381.0,62.0
Walking Shoes ,Black,Men,MILESWALKER,360,63.0,3.8,961.0,141.0
Ferrari Drift Cat 5 Ultra Training & Gym Shoes ,Red,Men,Puma,4899,30.0,4.4,1467.0,198.0
Running Shoes ,Black,Men,Denvr,299,70.0,3.9,300.0,26.0
Red-Marathon Running Shoes ,Red,Men,SEGA,599,36.0,4.0,4411.0,711.0
Osu v4 FM Running Shoes ,Grey,Men,Puma,2749,45.0,4.2,446.0,54.0
Combo Pack of 5 Casual Loafer Sneakers Shoes High Tops ,Multicolor,Men,Shoefly,949,61.0,3.9,968.0,146.0
Icon IDP Sneakers ,Grey,Men,Puma,1353,58.0,4.1,18318.0,2526.0
Leather Formal Corporate Casuals ,Black,Men,"Red, Tape",1498,70.0,4.0,1765.0,252.0
Combat Army Boot For Men Boots ,Black,Men,"Para, Trooper",999,56.0,4.2,1359.0,219.0
Camden Sneakers ,Green,Men,Woodland,1739,24.0,4.1,573.0,59.0
Sneakers ,White,Women,Vendoz,440,55.0,4.1,596.0,79.0
Propel 3D IDP Running Shoes ,Grey,Men,Puma,1399,65.0,4.2,6272.0,889.0
Wired Walking Shoes ,Black,Men,Puma,1749,50.0,4.4,527.0,76.0
Oxford ,Brown,Men,"Red, Tape",1828,70.0,4.0,368.0,50.0
Go Run Focus Running Shoes ,Grey,Men,Skechers,3179,40.0,4.2,218.0,40.0
NIKE AIR MAX IMPACT Basketball Shoes ,Black,Men,Nike,5676,29.0,4.5,14.0,4.0
ARW Loafers ,"Blue, Grey",Men,Hotstyle,297,40.0,3.8,4291.0,540.0
Combo Pack of 2 Latest Collection Stylish casual Sports Running Shoes Running Shoes ,Multicolor,Men,Axter,478,52.0,3.6,528.0,56.0
SM-421 Running Shoes ,Black,Men,Sparx,821,21.0,4.2,15058.0,2295.0
Running Shoes ,Orange,Men,Aadi,474,52.0,3.9,15450.0,1837.0
Troy MU IDP Walking Shoes ,Grey,Men,Puma,1399,65.0,3.9,414.0,65.0
Combo Pack of 3 Casual Shoes (Sneakers Shoes) Casuals ,"Sneakers Shoes) Casuals For Men  (Brown, Black, Grey",Men,Chevit,749,49.0,3.6,653.0,102.0
Propel 3D MU IDP Running Shoes ,Blue,Men,Puma,1399,65.0,4.2,381.0,62.0
Shark casual shoes Casuals ,"Black, White",Men,Bacan,359,64.0,4.2,334.0,45.0
SM-406 Running Shoes ,"Navy, Grey",Men,Sparx,850,18.0,4.2,25052.0,3724.0
Walking Shoes ,Black,Men,MILESWALKER,360,63.0,3.8,961.0,141.0
Appeal Badminton Shoes ,Multicolor,Men,Nivia,799,20.0,4.1,7638.0,1061.0
Puaro Ms Running Shoe ,Black,Men,ADIDAS,2350,52.0,4.0,3959.0,540.0
Kyris 1 M Running Shoes ,"Black, Blue",Men,ADIDAS,2116,53.0,4.1,263.0,40.0
Athleisure Range Walking Shoes ,Green,Men,"Red, Tape",1738,70.0,4.3,1683.0,243.0
Combo Pack of 5 Casual Loafer Sneakers Shoes High Tops ,Multicolor,Men,Shoefly,949,61.0,3.9,968.0,146.0
TYSON Running Shoes ,Black,Men,Campus,997,16.0,4.1,2753.0,431.0
Propel 3D IDP Running Shoes ,Grey,Men,Puma,1399,65.0,4.2,6272.0,889.0
Combo pack of 2 Casuals Shoes For Men (1563-1564) Running Shoes ,1563-1564) Running Shoes For Men  (Multicolor,Men,Bersache,398,60.0,3.8,702.0,72.0
 Men's Combo Pack Of 3 Synthetic Casuals Shoes Sneakers ,Multicolor,Men,Fabbmate,999,66.0,3.7,2234.0,267.0
Boots ,Brown,Men,Woodland,3511,33.0,4.0,585.0,86.0
MEN/BOY fashion outdoor canvas casual light weight lace-up sneakers sneakers for men (yellow) Sneakers ,yellow) Sneakers For Men  (Yellow,Men,pinstyle,364,63.0,4.0,1971.0,283.0
Combo Pack of 4 Latest Collection Stylish Casual Sneakers Shoes Sneakers ,Multicolor,Women,Shoefly,929,53.0,4.0,922.0,175.0
"Mens Flyknit Sneakers, Lightweight, Breathable, Walking, Running, Casual Athleisure Knitted Shoes Running Shoes ",Black,Men,Kraasa,474,52.0,4.1,759.0,111.0
Wired Walking Shoes ,Black,Men,Puma,1749,50.0,4.4,527.0,75.0
IGNITE Flash evoKNIT Running Shoes ,Grey,Men,Puma,4549,30.0,4.2,453.0,61.0
Jigsaw IDP Running Shoes ,Black,Men,Puma,1499,65.0,4.2,3682.0,536.0
Running Shoes ,Grey,Men,Sparx,1399,15.0,4.5,65.0,16.0
Combo Pack of 2 Latest Collection Stylish casual Sports Running Shoes Running Shoes ,Multicolor,Men,Axter,478,52.0,3.6,528.0,56.0
IGNITE Flash evoKNIT Running Shoes ,Grey,Men,Puma,4549,30.0,4.2,453.0,61.0
Combo pack of 2 sports and running shoes for men Running Shoes ,Multicolor,Men,Sporter,499,50.0,3.5,130.0,14.0
Troy MU IDP Walking Shoes ,Grey,Men,Puma,1399,65.0,3.9,414.0,65.0
NIKE FLY.BY MID Basketball Shoes ,Black,Men,Nike,3326,26.0,4.2,31.0,4.0
SOCKS Running Shoes ,Blue,Men,Density,474,52.0,4.1,60834.0,9019.0
STYLISH High Tops ,White,Men,Creer,398,60.0,4.0,1245.0,141.0
New style Sneakers ,"White, Black",Men,lejano,378,24.0,3.9,1051.0,170.0
Propel 3D MU IDP Running Shoes ,Blue,Men,Puma,1399,65.0,4.2,381.0,62.0
"Casual sneakers,outdoors,dancingshoes Sneakers ",Yellow,Men,Adiso,395,60.0,3.7,447.0,54.0
Jungle Boots- Oil Stain & Water Resistant- Extra Cushion InnerSole -Light Weight Trekking Shoes Boots For Men (OliveGreen) Boots ,OliveGreen) Boots For Men  (Multicolor,Men,Unistar,989,29.0,4.3,4027.0,772.0
REE SCAPE RUN Running Shoes ,White,Men,REEBOK,845,71.0,3.9,119.0,19.0
Walking Shoes ,Black,Men,MILESWALKER,360,63.0,3.8,961.0,141.0
Perfect Stylish Girls Casual Shoes Sneakers ,Pink,Women,Creattoes,249,50.0,4.0,236.0,19.0
SM-604 Running Shoes ,"Black, Gold",Men,Sparx,1377,18.0,4.1,914.0,140.0
SM-379 Walking Shoes ,Navy,Men,Sparx,1080,25.0,4.3,20320.0,3288.0
Combo Pack of 5 Casual Loafer Sneakers Shoes High Tops ,Multicolor,Men,Shoefly,949,61.0,3.9,968.0,146.0
"sports shoes for men | Latest Stylish Casual sneakers for men | Lace up lightweight shoes for running, walking, gym, trekking, hiking & party Running Shoes For Men� Running Shoes ","Black, White",Men,layasa,389,61.0,4.1,10832.0,1601.0
PACE VS Sneakers ,White,Men,ADIDAS,2479,38.0,4.4,47.0,8.0
Combo Pack of 3 Casual Shoes (Sneakers Shoes) Casuals ,"Sneakers Shoes) Casuals For Men  (Brown, Black, Grey",Men,Chevit,749,49.0,3.6,653.0,102.0
STYLISH Sneakers ,White,Men,Creer,378,62.0,3.9,928.0,137.0
Propel 3D IDP Running Shoes ,Grey,Men,Puma,1399,65.0,4.2,6272.0,889.0
Combo pack of 2 shoes for men ,Multicolor,Men,Armado,498,50.0,3.6,1764.0,238.0
Bellies ,Multicolor,Women,Fabbmate,399,60.0,4.0,3038.0,400.0
Wired Walking Shoes ,Black,Men,Puma,1749,50.0,4.4,527.0,75.0
Boost Training & Gym Shoes ,"Black, Grey",Men,Beerock,474,52.0,4.1,667.0,99.0
Sports Running Shoes ,Green,Men,FASHINO,499,58.0,4.2,10.0,0.0
Go Walk 4 Walking Shoes ,Navy,Men,Skechers,3248,43.0,4.2,272.0,52.0
Harmony Pro Lp Running Shoes ,Blue,Men,REEBOK,1880,52.0,4.1,245.0,38.0
Elite Flex- Dition Running Shoes ,Navy,Men,Skechers,3599,40.0,4.3,163.0,18.0
Combo Pack of 2 Latest Collection Stylish casual Sports Running Shoes Running Shoes ,Multicolor,Men,Axter,449,55.0,3.5,2207.0,308.0
Go Walk 4 Walking Shoes ,Navy,Men,Skechers,3248,43.0,4.2,272.0,50.0
Troy MU IDP Walking Shoes ,Grey,Men,Puma,1399,65.0,3.9,414.0,65.0
"Ultra-Lightweight, Breathable, Walking, Running,Gyming Casual Athletic Knitted Sock Running Shoes ",Multicolor,Men,Density,474,52.0,4.1,60834.0,9105.0
MILFORD-2 Running Shoes ,"Red, White",Men,Campus,1439,10.0,4.2,757.0,128.0
Walking Shoes ,Black,Men,"Red, Tape",1638,70.0,4.1,1004.0,136.0
AFRO LOW Motorsport Shoes ,Multicolor,Men,Fila,1589,47.0,4.1,11.0,2.0
Running Shoes ,"Grey, Orange",Men,Provogue,692,56.0,4.3,166.0,25.0
Propel 3D MU IDP Running Shoes ,Blue,Men,Puma,1399,65.0,4.2,381.0,62.0
Designer Loafers ,Maroon,Men,Nobelite,201,59.0,4.1,1671.0,237.0
Walking Shoes ,Black,Men,MILESWALKER,360,63.0,3.8,961.0,141.0
SM-323 Party Wear ,Navy,Men,Sparx,624,16.0,4.3,110909.0,18464.0
Men Loafers ,Brown,Men,Woodland,1349,46.0,3.9,1576.0,233.0
Designer Ethnic Rajasthani Jaipuri Velvet Jutti for Women and Girls. Jutis ,Yellow,Women,Ryag,299,70.0,4.1,11.0,5.0
Socks Running Shoes ,Red,Men,Density,464,53.0,4.1,60834.0,9019.0
Throb M Running Shoes ,Black,Men,ADIDAS,1754,35.0,4.2,420.0,54.0
Combo Pack of 5 Casual Loafer Sneakers Shoes High Tops ,Multicolor,Men,Shoefly,949,61.0,3.9,968.0,146.0
SM-604 Running Shoes ,"Black, Gold",Men,Sparx,1377,18.0,4.1,914.0,140.0
Combo pair of 2 shoes Sneakers ,Multicolor,Men,Armado,498,50.0,3.9,297.0,62.0
Propel 3D IDP Running Shoes ,Grey,Men,Puma,1399,65.0,4.2,6272.0,889.0
Boots ,Tan,Men,"Red, Tape",2279,70.0,4.2,80.0,18.0
Hip Hop 5 DP Sneakers ,Black,Men,Puma,1212,56.0,4.0,12425.0,2013.0
Loafers ,Green,Men,Woodland,2318,33.0,4.0,295.0,48.0
Wired Walking Shoes ,Black,Men,Puma,1749,50.0,4.4,527.0,75.0
Bellies ,Multicolor,Women,Fabbmate,399,60.0,4.0,3038.0,400.0
2301 Training & Gym Shoes ,Multicolor,Men,XYLUS,399,60.0,4.2,300.0,44.0
Combo Pack of 2 Latest Collection Stylish casual Sports Running Shoes Running Shoes ,Multicolor,Men,Axter,478,52.0,3.6,528.0,55.0
Combo Men Pack of 2 Loafers Shoes Sneakers ,"Black, Red",Men,Shoefly,367,63.0,4.0,8355.0,1093.0
Women Casual Boots ,Black,Women,"TOSHINA, SHOES, KING",399,60.0,4.1,16770.0,2929.0
"Blackwood n Running shoes, Gym Shoes, Training shoes, Walking Shoes Running Shoes ","Blue, Grey",Men,Blackwood,389,61.0,3.8,8359.0,1098.0
Troy MU IDP Walking Shoes ,Grey,Men,Puma,1399,65.0,3.9,414.0,65.0
Step Slip On ,Brown,Men,"John, Karsun",519,82.0,3.7,689.0,120.0
Helkin 3 M Running Shoes ,Navy,Men,ADIDAS,1655,64.0,4.2,15.0,1.0
Men SM-469 Navy Blue Mint Walking Shoes ,Navy,Men,Sparx,840,19.0,3.9,867.0,156.0
Propel 3D MU IDP Running Shoes ,Blue,Men,Puma,1399,65.0,4.2,381.0,62.0
ZELT SL 2.0 M SS 19 Walking Shoes ,Grey,Men,ADIDAS,2591,46.0,4.3,464.0,48.0
Sneakers ,Navy,Men,"Red, Tape",1258,70.0,4.2,559.0,66.0
Walking Shoes ,Black,Men,MILESWALKER,360,63.0,3.8,961.0,141.0
RFM Kids & Boys Casual Loafer Loafers ,Black,Men,RFM,599,40.0,4.0,6.0,1.0
Combo Pack of 5 Casual Loafer Sneakers Shoes High Tops ,Multicolor,Men,Shoefly,949,61.0,3.9,968.0,146.0
"Men-1200 Black Top Best Rates Training Shoes,Sports Shoes, Running Shoes For Men,Cricket Shoes,Casual Shoes,Loafers Shoes,Sneakers Shoes,Light Weight, Football Shoes,Comfortable For Men'S Walking Shoes ",Black,Men,Tying,229,54.0,3.9,4307.0,477.0
Fausto Running Shoes ,"Blue, Black",Men,Lotto,999,61.0,4.1,4359.0,756.0
Propel 3D IDP Running Shoes ,Grey,Men,Puma,1399,65.0,4.2,6272.0,889.0
1218-White-7 High Tops ,White,Men,"West, Code",1211,69.0,4.3,166.0,28.0
445 Sports Shoes Sneakers ,Navy,Men,"Deny, Brown",369,26.0,3.8,772.0,66.0
Fashion Outdoor Canvas Casual Light Weight Partywear Sneakers Shoes For Men's And Boys Sneakers Casuals ,Yellow,Men,"D, SNEAKERZ",531,55.0,4.0,1491.0,283.0
Combo Pack of 2 Latest Collection Stylish casual Sports Running Shoes Running Shoes ,Multicolor,Men,Axter,478,52.0,3.6,528.0,55.0
Trendy Mocassin ,Black,Men,"Best, S, Forward",449,55.0,4.4,11.0,1.0
STYLISH Sneakers ,White,Men,Creer,345,65.0,4.1,437.0,54.0
Running Shoes ,Grey,Men,Nobelite,280,43.0,4.0,790.0,117.0
Combo Pack of 2 Latest Collection Stylish casual Sports Running Shoes Running Shoes ,Multicolor,Men,Axter,449,55.0,3.5,2207.0,314.0
Court Legend Lo Sneakers ,Black,Men,Puma,2200,55.0,3.9,11.0,0.0
Troy MU IDP Walking Shoes ,Grey,Men,Puma,1399,65.0,3.9,414.0,65.0
"WNDR-13 Black Pink Walking Shoes,Gym Shoes,Casual Shoes,Training Shoes,Sports Shoes, Running ","Black, Pink",Women,Asian,499,50.0,4.0,6801.0,983.0
UPCOURT 3 Badminton Shoes ,Black,Men,Asics,2399,40.0,4.3,2774.0,354.0
Walking Shoes ,Black,Men,MILESWALKER,360,63.0,3.8,961.0,141.0
Go Run 600-Spectra Running Shoes ,Black,Men,Skechers,3179,40.0,4.3,150.0,22.0
Running Shoes ,Grey,Men,ADIDAS,1999,35.0,4.2,5.0,1.0
Propel 3D MU IDP Running Shoes ,Blue,Men,Puma,1399,65.0,4.2,381.0,62.0
Go Run Fast Quake Running Shoes ,Black,Men,Skechers,3020,43.0,4.5,550.0,99.0
"Combo Pack of 3 Casual ,Party ,Lace Up Shoes Canvas Shoes & Slip On Sneaker, Loafers & Sneaker & Party wear Shoes For Men & Boy's Sneakers ","Red, Black, White",Men,SCATCHITE,647,56.0,4.0,127.0,16.0
Rigel IDP Sneakers ,Blue,Men,Puma,1344,51.0,4.1,1127.0,124.0
Combat Army Boots ,Black,Men,"Para, Trooper",999,56.0,4.0,565.0,83.0
Combo Pack of 5 Casual Loafer Sneakers Shoes High Tops ,Multicolor,Men,Shoefly,949,61.0,3.9,968.0,146.0
Casual Sneakers Sneakers ,Grey,Men,Sparx,999,20.0,4.2,265.0,47.0
Walking Shoes ,Olive,Men,"M7, By, Metronaut",590,60.0,4.0,3785.0,476.0
Amerigo III SL Walking Shoe ,"Black, Grey",Men,Lotto,999,64.0,4.0,385.0,53.0
Hellion Z M Running Shoes ,Green,Men,ADIDAS,1411,57.0,4.4,46.0,10.0
Combo Pack of 2 Latest Collection Stylish casual Sports Running Shoes Running Shoes ,Multicolor,Men,Axter,478,52.0,3.6,528.0,55.0
"Drag-02 Running shoes for boys | sports shoes for men | Latest Stylish Casual sneakers for men | Lace up lightweight grey shoes for running, walking, gym, trekking, hiking & party Lace Up Training & Gym Shoes ","Grey, Black",Men,Asian,949,36.0,4.1,1176.0,199.0
Running Shoes ,Navy,Men,SEGASTAR,631,33.0,3.8,171.0,23.0
Combo Pack of 2 Latest Collection Stylish casual Sports Running Shoes Running Shoes ,Multicolor,Men,Axter,449,55.0,3.5,2207.0,308.0
MACIEL Casuals ,"Red, Black",Men,Fila,1299,55.0,4.0,2283.0,303.0
Firm IDP Canvas Shoes ,White,Men,Puma,1505,56.0,3.9,3901.0,451.0
FOTZ Series Sneakers ,White,Men,Dockstreet,698,65.0,4.2,104.0,11.0
Propel 3D IDP Running Shoes ,Grey,Men,Puma,1399,65.0,4.2,6272.0,889.0
Troy MU IDP Walking Shoes ,Grey,Men,Puma,1399,65.0,3.9,414.0,65.0
Corporate Casuals ,Brown,Men,"Lee, Cooper",1975,24.0,4.2,1032.0,189.0
men shoes white Sneakers ,White,Men,ZOVIM,420,15.0,4.2,10863.0,1515.0
Running Shoes ,Navy,Men,SEGASTAR,631,33.0,3.8,171.0,23.0
"Hummer-06 Running shoes for boys | sports shoes for men | Latest Stylish Casual sneakers for men | Lace up lightweight grey shoes for running, walking, gym, trekking, hiking & party Running Shoes ","Grey, Black",Men,Asian,854,34.0,4.0,27.0,9.0
Propel 3D MU IDP Running Shoes ,Blue,Men,Puma,1399,65.0,4.2,381.0,62.0
Hellion Z M Running Shoes ,Green,Men,ADIDAS,1411,57.0,4.4,46.0,10.0
Walking Shoes ,Black,Men,MILESWALKER,360,63.0,3.8,961.0,141.0
Combat Army Boots ,Black,Men,"Para, Trooper",999,56.0,4.0,565.0,83.0
SM-162 Sneakers ,Black,Men,Sparx,854,10.0,4.2,67806.0,10761.0
Shoes Kingdom Shoes_LB792 Mocassins Casual Shoes Loafers ,Tan,Men,"Shoes, Kingdom",739,26.0,3.7,2941.0,360.0
Combo Pack of 5 Casual Loafer Sneakers Shoes High Tops ,Multicolor,Men,Shoefly,949,61.0,3.9,968.0,146.0
"WNDR-13 Black Pink Walking Shoes,Gym Shoes,Casual Shoes,Training Shoes,Sports Shoes, Running ","Black, Pink",Women,Asian,499,50.0,4.0,6801.0,983.0
Slip On ,Black,Men,Bata,866,42.0,3.9,549.0,67.0
Running Shoes ,Navy,Men,Kraasa,512,48.0,3.9,6551.0,932.0
Sparx Sm-482 Casual Sports Running Shoes ,Black,Men,Sparx,1049,22.0,4.2,11588.0,1603.0
Propel 3D IDP Running Shoes ,Grey,Men,Puma,1399,65.0,4.2,6272.0,889.0
Walking Shoes ,"Blue, Grey",Men,Sparx,499,9.0,4.1,22253.0,3948.0
ANTRO-3 Running Shoes ,Grey,Men,Campus,749,50.0,4.1,559.0,116.0
Wired Walking Shoes ,Black,Men,Puma,1749,50.0,4.4,527.0,75.0
SRCP AE 05 Badminton Shoes ,"Red, Blue",Men,Yonex,1699,39.0,4.2,9099.0,1187.0
Shoes_LB794 Lace up Casual Shoes for Men Casuals ,Tan,Men,"Shoes, Kingdom",702,29.0,3.9,3846.0,510.0
"Mesh Running Shoes ,Cricket Shoes , Badminton Shoes , Volly Ball Shoes , Sports Shoes For Mens And Boys? Running Shoes For Men Canvas Shoes For Men Running Shoes ",Grey,Mens,"Shoe, Icon",399,60.0,3.7,886.0,115.0
Lace Up ,Black,Men,Action,512,14.0,3.9,480.0,84.0
Jess Sneakers ,"Red, White, Black",Men,Fila,1299,60.0,4.3,4217.0,587.0
HAGUE Sneakers ,Navy,Men,"U, S, Polo, Assn",1608,52.0,3.8,140.0,14.0
Casuals ,White,Men,Stark,322,67.0,3.6,531.0,57.0
SC0620G Canvas Shoes ,"Olive, Orange",Men,Sparx,999,20.0,4.2,2648.0,397.0
JAZZ Snorkle Blue/Blk Running Shoes For Men 7 Running Shoes ,"Blue, Black",Men,Lotto,999,66.0,4.2,3442.0,595.0
Running Shoes ,Silver,Men,Puma,1799,60.0,4.3,609.0,97.0
1514 Slip On ,Brown,Men,"T, TRENDZ",449,65.0,4.2,318.0,36.0
Bolt Slip On Walking Shoes ,Navy,Men,Avant,799,60.0,4.0,828.0,119.0
Walking Shoes ,Burgundy,Men,"Red, Tape",1559,70.0,4.4,61.0,11.0
NIKE PRECISION IV Basketball Shoes ,Black,Men,Nike,3956,28.0,3.3,9.0,1.0
High Top Sneakers High Tops ,Black,Men,Boxer,280,43.0,3.9,2107.0,257.0
Men Leather Sneakers ,Tan,Men,"Red, Tape",1468,70.0,4.0,579.0,72.0
TECLA Sneakers ,Blue,Men,Fila,1478,49.0,4.2,759.0,108.0
Mid-Top II Outdoor Boots ,Brown,Men,Metronaut,597,54.0,3.9,1075.0,138.0
Jutis ,Red,Women,Gerief,199,60.0,4.0,862.0,93.0
Go Run Mojo-Radar Running Shoes ,Blue,Men,Skechers,3599,40.0,4.0,280.0,27.0
Walking Shoes ,Black,Men,"Red, Tape",1559,70.0,4.4,61.0,12.0
Watt IDP Running Shoes ,Grey,Men,Puma,1760,55.0,4.3,315.0,47.0
Combo Pack of 2 Latest Collection Stylish casual Sports Running Shoes Running Shoes ,Multicolor,Men,Axter,474,52.0,3.6,140.0,15.0
"Ultra-Lightweight, Breathable, Walking, Running,Gyming Casual Athletic Knitted Sock Running Shoes ",White,Men,Density,474,52.0,4.1,60834.0,9019.0
NASA Running Shoes ,Blue,Men,Campus,1274,25.0,4.2,6384.0,1085.0
Sneakers ,White,Men,Numenzo,428,57.0,4.1,27.0,2.0
Casuals ,Blue,Men,Woodland,3388,15.0,4.1,6061.0,895.0
Casual ,Brown,Men,Woodland,2725,24.0,4.1,111.0,22.0
Running Shoes ,Green,Men,Camfoot,299,70.0,3.9,52.0,9.0
"Easywalk-08 Running shoes for boys |sports shoes for men | Latest Stylish Casual sneakers for men | Lace up lightweight maroon shoes for running, walking, gym, trekking, hiking & party Running Shoes ","Maroon, Maroon",Men,Asian,759,24.0,4.0,2225.0,351.0
