Jutis ,Pink,Women,['Gerief'],199,,4,663,90
CRYSTA Running Shoes ,Blue,Men,['Campus'],786,25,4.1,6590,1000
Walking Shoes ,Black,Men,['TR'],309,,3.8,3942,470
Troy MU IDP Walking Shoes ,Grey,Men,['Puma'],1399,65,3.9,414,71
Running Shoes ,Black,Men,['Puma'],1399,65,4.2,27,4
Gorunfocus Athos Walking Shoes ,"Grey, Orange",Men,['Skechers'],2879,40,4.4,147,17
SORT Slip On ,Black,Men,['Bata'],449,,4.2,1315,206
Propel 3D MU IDP Running Shoes ,Blue,Men,['Puma'],1399,65,4.2,381,62
Running Shoes ,White,Men,['REEBOK'],999,72,3.9,106,19
Ramen Motorsport Shoe ,Grey,Men,['Fila'],1299,60,4.3,8594,1186
"Socks Stylish Cricket , Walking Shoes , Light Weight Sports Shoes Running Shoes ","Black, Red",Men,"['T', 'Rock']",449,,3.9,1048,163
Walking Shoes ,Black,Men,['MILESWALKER'],360,63,3.8,961,141
5011-Latest Collection Stylish Casual Loafer Sneakers Shoes For Men Sneakers ,Red,Men,"['World', 'Wear', 'Footwear']",228,54,3.9,18011,2018
Slip On Sneakers ,Grey,Men,['Kzaara'],284,71,3.9,5051,729
Smart Casuals Canvas Shoes Combo pack of 2 Sneakers ,Multicolor,Men,['Chevit'],299,70,4,1179,172
Combo Pack of 5 Casual Loafer Sneakers Shoes High Tops ,Multicolor,Men,['Shoefly'],949,61,3.9,968,146
Designer Loafers ,"Brown, Blue",Men,['Hotstyle'],283,43,4,3874,409
Icon IDP Sneakers ,Green,Men,['Puma'],1320,59,4.1,6877,912
"Angel-04 Casual sneakers for ladies | sports shoes for women | Running shoes for girls stylish latest design new fashion | Lace up Lightweight grey shoes for jogging, walking, gym & party Walking Shoes ",Grey,Women,['Asian'],585,,4.1,3237,553
Propel 3D IDP Running Shoes ,Grey,Men,['Puma'],1399,65,4.2,6272,889
Combo pack of 2 shoes for men Walking Shoes ,"Black, Red",Men,['Armado'],498,,3.6,8737,1111
Mesh Sports Walking Shoes ,Blue,Men,['Aadi'],331,66,3.7,32581,4304
Derby ,Black,Men,['TR'],399,,4,37037,5510
Sneakers ,Multicolor,Men,['WELDONE'],683,,3.9,7949,1087
Walking shoes Running Shoes ,"Black, White",Men,"['Absolute', 'comfort']",251,,3.8,4738,518
WNDR-13 Running Shoes ,"Black, Grey",Men,['Asian'],474,20,4.1,244376,38977
CRYSTA Running Shoes ,Black,Men,['Campus'],786,25,4.1,6590,1000
Tan Synthetic Leather Formal Shoes Lace Up ,Tan,Men,['Dunkaston'],350,64,4.1,1137,167
Combo Pack of 4 Sports Shoes Walking Shoes ,Multicolor,Men,['Birde'],699,,3.9,1525,183
Wired Walking Shoes ,Black,Men,['Puma'],1749,50,4.4,527,75
Combo pack of 2 shoes for men Sneakers ,Multicolor,Men,['Earton'],498,50,3.9,322,43
Combo Pack of 2 Latest Collection Stylish Casual Loafer Sneakers Shoes For Men Sneakers ,"Blue, Red, Black",Men,['Axter'],299,,4,3268,440
Designer Loafers ,Blue,Men,['Hotstyle'],283,,3.9,18461,1748
Combo Pack of 2 Latest Collection Stylish casual Sports Running Shoes Running Shoes ,Multicolor,Men,['Axter'],478,52,3.6,528,55
Sneakers ,White,Men,['TR'],299,,4.1,3284,467
Running Shoes ,Blue,Men,"['M7', 'By', 'Metronaut']",590,,4.1,10726,1580
Zipper Synthetic Leather Casual Partywear New Design Stylish Boots For Women And Girls Boots ,Black,Women,['AROOM'],489,51,4.3,933,162
Future-01 running shoes ,"Navy, White",Men,['Asian'],474,13,4,13685,2107
Men's White Casual Running Sports Shoes (Joggers) Running Shoes ,Joggers) Running Shoes For Men  (White,Men,['Zenonz'],335,,4.1,712,109
Combo Pack of 2 Latest Collection Stylish casual Sports Running Shoes Running Shoes ,Multicolor,Men,['Axter'],449,55,3.5,2207,308
Casual Boy Shoes in White Color Men Walking Running Gymwear sports Sneakers for daily use for Gent Casuals ,White,Men,['Inklenzo'],439,56,3.9,474,47
Men-1227 Casual Loafer Sneakers Shoes Sneakers ,"Black, Blue",Men,"['World', 'Wear', 'Footwear']",199,,3.9,18011,1995
Elasto-02 Navy Maroon Running Shoes ,"Navy, Maroon",Women,['Asian'],699,,4.2,21349,3176
Troy MU IDP Walking Shoes ,Grey,Men,['Puma'],1399,65,3.9,414,65
COURTKING2 Badminton Shoes ,White,Men,['Yonex'],1299,27,4.3,14144,1896
277 Running Shoes ,"White, Black",Men,['Sparx'],710,21,4.2,49591,8624
WNDR-13 Running Shoes ,"White, Blue",Men,['Asian'],474,,4.1,244376,38977
"Bouncer-01 Running shoes for boys | sports shoes for men | Latest Stylish Casual sneakers for men | Lace up lightweight grey shoes for running, walking, gym, trekking, hiking & party Running Shoes ","Grey, Orange",Men,['Asian'],799,20,4.3,126,7
WNDR-13 Running Shoes ,"Black, Grey",Men,['Asian'],474,20,4.1,244376,38977
Propel 3D MU IDP Running Shoes ,Blue,Men,['Puma'],1399,65,4.2,381,62
Derby ,Brown,Men,['TR'],329,,4,37037,5510
Glenn M Running Shoes ,Grey,Men,['ADIDAS'],1449,,4.2,14111,1858
"Walking Shoes,Gym Shoes,Knit Sports Shoes,Training Shoes,Sports Shoes, Running Shoes,Casual Shoes Running Shoes ","Navy, Blue",Men,['Asian'],474,20,4.1,26554,3911
Walking Shoes ,Black,Men,['MILESWALKER'],360,63,3.8,961,141
Fashion Outdoor Canvas Casual Light Weight Partywear Sneakers Shoes For Men's And Boys Sneakers Casuals ,White,Men,"['D', 'SNEAKERZ']",531,,4,1490,283
Synthetic Leather Casual Partywear Boots Shoes For Men Outdoors ,Tan,Men,"['T', 'Rock']",404,,4,4193,533
171 Smart Tan Lace-Ups Casuals for Men Sneakers ,Tan,Men,['Chevit'],236,,4,9517,1088
Acrux IDP Sneakers ,Black,Men,['Puma'],1584,51,4.2,1550,181
casual for men (blue 06) Sneakers ,blue 06) Sneakers For Men  (Blue,Men,['bluemaker'],399,,4,251,36
Combo Pack of 5 Casual Loafer Sneakers Shoes High Tops ,Multicolor,Men,['Shoefly'],949,61,3.9,968,146
"New Tredy Stylish Girls Comfortable ,Lightweight, Fashionble ,Now Look ,Outdoor ,Ankle Length ,High heel, Walking, Running. Boot ,Shoe For Women /Girls/Ladies Boots ",Pink,Women,['HimQuen'],399,,4.2,434,86
Long OfficeWear Corporate Casuals ,Black,Men,['Kraasa'],474,,3.9,11361,1719
Sports Casual Running Shoes ,White,Men,['Kraasa'],474,52,3.9,1185,159
Propel 3D IDP Running Shoes ,Grey,Men,['Puma'],1399,65,4.2,6272,889
Shark Bottom Breathable Men's Shoes Breathable Comfortable Running Shoes Fashion Sneakers Running Shoes ,Multicolor,Men,['BOLTAGO'],426,57,3.8,514,67
"sports shoes for men | Latest Stylish Casual sneakers for men | Lace up lightweight shoes for running, walking, gym, trekking, hiking & party Running Shoes For Men� Running Shoes ",Yellow,Men,['LAYASA'],389,61,4.1,10830,1601
CRI HASE Cricket Shoes ,White,Men,['ADIDAS'],2479,,4.2,207,29
"Mesh Running Shoes ,Cricket Shoes Running Shoes For Men (Black) Walking Shoes ",Black) Walking Shoes For Men  (Grey,Men,['MILESWALKER'],299,,3.7,41040,5294
EVOK Running Shoes ,White,Men,['Campus'],1299,23,4.2,712,103
Wired Walking Shoes ,Black,Men,['Puma'],1749,50,4.4,527,75
INDUS-251 Running Shoes ,"White, Navy",Men,['Lancer'],599,,4,8356,1329
SM-439 Sneakers ,White,Men,['Sparx'],699,,4.3,3788,651
"Lightweight Combo Pack of 02 Trendy Sneakers Casuals For Men's (Red, Yellow) Sneakers ","Red, Yellow) Sneakers For Men  (Red, Yellow",Men,['Chevit'],570,42,4,648,85
"sports shoes for men | Latest Stylish Casual sneakers for men | Lace up lightweight shoes for running, walking, gym, trekking, hiking & party Running Shoes For Men� Running Shoes ","Black, White",Men,['layasa'],389,61,4.1,10830,1601
Loafers ,Blue,Men,['Clymb'],209,58,3.8,9982,1316
Sneakers ,Blue,Men,"['Red', 'Rose']",349,,3.9,7455,961
1712 Loafers ,Black,Men,['TIGONIS'],299,70,4.1,496,69
Boots ,Blue,Women,['Krafter'],427,,4.5,781,160
Combo pack of 2 sports and running shoes for men Walking Shoes ,Multicolor,Men,['Armado'],498,,3.6,8737,1039
Sneakers ,Multicolor,Men,['WELDONE'],683,,3.9,7949,1085
Slyde DP Sneakers ,Blue,Men,['Puma'],1500,,4.2,17857,2638
Men-1227 Casual Loafer Sneakers Shoes Sneakers ,"Black, Blue",Men,"['World', 'Wear', 'Footwear']",199,,3.9,18011,1995
high top Sneakers for men High Tops ,"Red, Black",Men,['believe'],424,,4.1,12770,1487
Troy MU IDP Walking Shoes ,Grey,Men,['Puma'],1399,65,3.9,414,71
Combo Pack of 4 Latest Collection Stylish Casual Loafer Sneakers Shoes Sneakers ,Multicolor,Men,"['World', 'Wear', 'Footwear']",499,,4,1419,174
Combo Pack of 2 Casual Shoes Loafers ,"Brown, Black",Men,['Chevit'],474,,3.9,61465,8309
Boots ,Blue,Women,['Krafter'],427,,4.5,781,160
Running Shoes ,Black,Men,['Aadi'],499,50,4.1,22406,3339
The Rock Slip On ,Brown,Men,['Kraasa'],569,,3.7,5666,763
Propel 3D MU IDP Running Shoes ,Blue,Men,['Puma'],1399,65,4.2,381,62
"Running,Gym,Sports Running Shoes ",Red,Men,['MILESWALKER'],299,70,3.8,26753,3353
GO RUN FAST Running Shoes ,Black,Men,['Skechers'],2999,40,4.4,37,11
SM-379 Fluorescent Walking Shoes ,"Green, Grey",Men,['Sparx'],1131,,4.3,20320,3288
Walking Shoes ,Black,Men,['MILESWALKER'],360,63,3.8,961,141
Walking Shoes ,Grey,Men,['Aadi'],379,62,4.1,1850,262
FLEX ADVANTAGE 3.0-MORWICK Walking Shoes ,Blue,Men,['Skechers'],3179,40,4.3,747,83
RADLEY II Outdoors ,Black,Men,['Fila'],1374,,4.4,169,28
Synthetic Leather Casual Partywear Boots Shoes For Men Outdoors ,Tan,Men,"['T', 'Rock']",404,,4,4193,538
"Boots, Outdoors, Boat Shoes Casuals ",Tan,Men,['Kraasa'],474,52,3.8,34688,5135
Combo Pack of 5 Casual Loafer Sneakers Shoes High Tops ,Multicolor,Men,['Shoefly'],949,61,3.9,968,146
Combo Pack Of 2 Casual Shoes Slip On Sneakers ,Multicolor,Men,['BRUTON'],378,,3.8,16852,2258
ZF Klub Men's Lace up Walking Shoes Running Shoes Lightweight Breathable Mesh Fashion Sneakers / Designer party Wear For Men (black new look wise ) ,black new look wise ) For Men  (Black,Men,['EZDEZARIO'],420,,3.8,692,71
Party Casuals ,Blue,Men,['GS'],331,,3.9,66812,9413
Propel 3D IDP Running Shoes ,Grey,Men,['Puma'],1399,65,4.2,6272,893
Sneakers ,White,Women,['HASTEN'],619,,4.5,613,145
Jio-13 Running Shoes ,"Silver, Black",Men,['Asian'],499,16,4.1,244376,38977
Combo pack of 2 shoes for men Walking Shoes ,"Black, Blue",Men,['Armado'],498,50,3.6,8737,1039
"Airsocks-12 Men's Flyknit Socks Sneakers,Ultra-lightweight, Breathable, Walking, Running, Casual Athleisure Knitted Sock Shoes Walking Shoes ",Grey,Men,['Asian'],649,56,4.1,14562,2304
"Mesh,Cricket, Badminton, Volly Ball, Sports Walking Shoes ",Maroon,Men,['Layasa'],360,,3.8,87718,11137
Wired Walking Shoes ,Black,Men,['Puma'],1749,50,4.4,527,75
Lightweight Gymwear Sport Running Shoes Cricket Shoes For Men Black Shoes (Boys) Running Shoes ,Boys) Running Shoes For Men  (Black,Men,['RUFFBIRD'],299,70,3.8,1798,268
Zod Runner V3 IDP Running Shoes ,Black,Men,['Puma'],1699,,4,697,85
Running Shoes ,Orange,Men,['Aadi'],426,57,4.1,22406,3339
"sports shoes for men | Latest Stylish Casual sneakers for men | Lace up lightweight shoes for running, walking, gym, trekking, hiking & party Running Shoes For Men� Running Shoes ","Black, White",Men,['layasa'],389,61,4.1,10830,1601
Ramen Basketball Shoe ,"Black, White",Men,['Fila'],1299,60,4.3,8594,1186
Socks Shoes Casuals ,"Blue, Black",Men,['Sukun'],423,57,4.1,11429,1534
STYLISH-WHITE-6 Sneakers ,White,Men,['URBANBOX'],178,64,3.8,2103,208
Hip Hop Mid Perf IDP Sneakers ,Blue,Men,['Puma'],1540,55,4.3,799,138
Men's Solid Pattern Black PVC Loafer Or Mocassion Shoe Loafers ,Black,Men,['Boxer'],248,,3.7,493,72
Sneakers ,Multicolor,Men,['WELDONE'],683,,3.9,7949,1087
Sedna M Running Shoes ,Blue,Men,['ADIDAS'],1783,,4.1,11342,1478
S-9 Running Shoes ,Navy,Men,['SEGA'],599,,4.1,1723,259
1712 Loafers ,Black,Men,['TIGONIS'],299,70,4.1,496,69
Troy MU IDP Walking Shoes ,Grey,Men,['Puma'],1399,65,3.9,414,65
Mesh Casual Stylish Partywear Casaul Shoes For Mens And Boys Sneakers ,Black,Mens,"['T', 'ROCK']",379,,3.8,9826,1239
Combo pack of 2 sports and running shoes for men ,Multicolor,Men,['Armado'],498,50,3.6,8737,1039
Loafers ,Grey,Men,['Nobelite'],200,59,4.1,1671,239
Combo Pack of 3 Casual Loafer Sneakers Shoes Casuals ,Multicolor,Men,"['World', 'Wear', 'Footwear']",494,,4,4553,581
Combo-(2)-1044-993 Sneakers ,"2)-1044-993 Sneakers For Women  (Black, White",Women,['Shoefly'],555,,4,14145,2388
Propel 3D MU IDP Running Shoes ,Blue,Men,['Puma'],1399,65,4.2,381,62
KENT Running Shoes ,Navy,Men,['Campus'],999,23,4.2,1720,329
Corporate Loafers Slip On Slip On ,Black,Men,['Bata'],799,,4.1,1407,222
Lightweight Running Sports Shoes For Men Running Shoes ,"Black, Green",Men,['MILESWALKER'],349,65,4.1,1260,195
Walking Shoes ,Black,Men,['MILESWALKER'],360,63,3.8,961,141
Lace Up ,Brown,Men,['Mactree'],630,63,3.9,697,121
Zod Runner V3 IDP Running Shoes ,Black,Men,['Puma'],1699,,4,697,85
SM-300 Running Shoes ,"Navy, Green",Men,['Sparx'],688,18,4.2,15367,2645
Training & Gym Shoes ,White,Men,['xylus'],379,,3.7,3686,475
RADLEY II Outdoors ,Blue,Men,['Fila'],1374,,4.4,169,24
Propel 3D IDP Running Shoes ,Grey,Men,['Puma'],1399,65,4.2,6272,893
Canvas Shoes ,Grey,Men,['Kaneggye'],274,,3.7,17042,2173
"Casuals, Canvas, Partywear Sneakers ",White,Men,['Kraasa'],474,,3.9,14231,1959
Electron Street Eng Mesh Sneakers ,Black,Men,['Puma'],2200,55,4.1,89,9
Combo Pack of 5 Casual Loafer Sneakers Shoes High Tops ,Multicolor,Men,['Shoefly'],949,61,3.9,968,146
Men's Stylish Loafers ,"Blue, Black",Men,"['Lee', 'Won']",211,57,3.9,3061,419
Slyde DP Sneakers ,Blue,Men,['Puma'],1500,,4.2,17857,2635
Sneakers ,Multicolor,Women,['Camfoot'],648,,4,603,89
Walking Shoes ,Grey,Men,"['Red', 'Tape']",1259,70,4.2,374,61
EQUALIZER 3.0 Walking Shoes ,Grey,Men,['Skechers'],2999,40,4.4,847,111
Sneakers ,Multicolor,Men,['WELDONE'],683,,3.9,7949,1085
SM-277 Running Shoes ,"Black, Pink",Men,['Sparx'],721,,4.2,49591,8624
nike2017.5 Rubber Flyknit Running Shoes ,Multicolor,Men,"['Brent', 'Shoes']",2299,76,,,
SM-397 Training & Gym Shoes ,"Red, Black",Men,['Sparx'],850,18,4.2,17926,2877
Wired Walking Shoes ,Black,Men,['Puma'],1749,50,4.4,527,75
Axelion Block Running Shoes ,Black,Men,['Puma'],3419,,4.1,61,10
GEL-CONTEND 5B Running Shoes ,Black,Men,['Asics'],2399,40,4.2,195,34
Training & Gym Shoes ,White,Men,['XYLUS'],388,,4.1,536,79
Smart Casuals Canvas Shoes Combo pack of 2 Sneakers ,Multicolor,Men,['Chevit'],323,67,4,1179,172
Hand Made Loafar Loafers ,Black,Men,['Stylish'],499,,3.8,3849,481
Combo Pack of 2 Latest Collection Stylish casual Sports Running Shoes Running Shoes ,Multicolor,Men,['Axter'],478,52,3.6,528,56
2019 summer new Men Sport Running sneakers Lace-up Cushioning Man EAF Sneakers Breathable Outdoor Walking Jogging Trekking Shoes Running Shoes ,Multicolor,Men,"['Mr', 'SHOES']",1377,72,4.3,648,119
Oxygen Running Shoes ,"Navy, Blue",Men,['Beerock'],485,51,4,83851,11551
Running Shoes ,Black,Men,['Rockfield'],388,,4,761,119
Troy MU IDP Walking Shoes ,Grey,Men,['Puma'],1399,65,3.9,414,65
Combo Pack of 2 Sports Shoes (Walking Shoes) Outdoors ,"Walking Shoes) Outdoors For Men  (Blue, Black",Men,['Chevit'],649,,3.8,8360,1022
Stylish Combos Loafers ,Multicolor,Men,['WELDONE'],594,60,4,13433,1758
CORE CHUCK TAYLOR ALL STAR High Tops ,White,Men,['Converse'],1989,,4.4,4827,631
high top Sneakers for men High Tops ,White,Men,['believe'],424,,4.1,12770,1473
Men SM-489 Black White Slip On Sneakers ,"Black, White",Men,['Sparx'],699,,3.9,167,20
Propel 3D MU IDP Running Shoes ,Blue,Men,['Puma'],1399,65,4.2,381,62
"Riya-04 Navy Pink Sports Shoes,Gym Shoes,Casual Shoes,Walking Shoes, Running Shoes ","Navy, Pink",Women,['Asian'],489,,4.1,5154,787
"Mens Flyknit Sneakers, Lightweight, Breathable, Walking, Running, Casual Athleisure Knitted Shoes Running Shoes ",Grey,Men,['Kraasa'],474,52,4.1,759,111
Volga Walking Shoes ,Grey,Men,['Wildcraft'],1558,,4.2,7657,1193
Walking Shoes ,Black,Men,['MILESWALKER'],360,63,3.8,961,148
OXYFIT Casuals ,Navy,Men,['Campus'],789,1,4.2,2210,323
Akayu 2 Badminton Shoes ,"Red, Black",Men,['Yonex'],1658,33,4.2,4843,648
Slip On ,Black,Men,"['ASF', 'Shoe']",299,70,3.8,2472,334
ROYCE-2 Running Shoes ,Blue,Men,['Campus'],919,,4.2,28598,4350
Corporate Derby Lace Up Derby ,Brown,Men,['Bata'],798,,4.1,971,154
Propel 3D IDP Running Shoes ,Grey,Men,['Puma'],1399,65,4.2,6272,889
NORTH Running Shoes ,Grey,Men,['Campus'],1424,5,4.2,11426,1781
Sneakers ,Black,Men,['Rockfield'],399,,3.9,7503,1149
Loafers ,Tan,Men,['Rockfield'],359,,3.9,3552,420
Combo Pack of 5 Casual Loafer Sneakers Shoes High Tops ,Multicolor,Men,['Shoefly'],949,61,3.9,968,146
Running Shoes ,Black,Men,['Deals4you'],331,,3.8,2379,269
Combo Pack of 2 Latest Collection Stylish Casual Shoes Sneakers ,Multicolor,Men,['Camfoot'],328,67,3.8,2064,272
Feather Print New Spring Season White Shoes Men Running Flat PU Sneakers Male White Board Shoes Sports Outdoor Shoes  Sneakers ,White,Men,['ASTEROID'],599,40,4.3,69,6
Mojaris ,Black,Men,['Aadi'],426,57,4,420,61
Bounder- Arkala Running Shoes ,Navy,Men,['Skechers'],3479,40,4.1,401,38
Sneakers ,Multicolor,Men,['WELDONE'],683,,3.9,7949,1085
Gamble XT IDP Running Shoes ,Grey,Men,['Puma'],1399,65,4,1601,181
SOCKS Running Shoes ,"Grey, Red",Men,['Taurene'],499,,3.9,3412,501
EQUALIZER 3.0 Walking Shoes ,Black,Men,['Skechers'],2879,40,4.4,215,25
Wired Walking Shoes ,Black,Men,['Puma'],1749,50,4.4,527,75
Men's Synthetic Leather Casual Office Use Wedding Formal Shoes For Mens And Boys Slip On For Men Slip On ,Black,Men,"['Shoes', 'Bank']",329,,3.8,6734,970
SCALE Slip On ,Black,Men,['Bata'],847,,4.1,3440,512
"Drag-02 Running shoes for boys | sports shoes for men | Latest Stylish Casual sneakers for men | Lace up lightweight navy shoes for running, walking, gym, trekking, hiking & party Lace Up Lace Up Training & Gym Shoes ","Navy, Blue",Men,['Asian'],999,33,4.1,1176,199
Men SM-406 Grey Running Shoes ,Grey,Men,['Sparx'],849,19,4.2,25051,3724
SM-162 Sneakers ,Black,Men,['Sparx'],769,18,4.2,67806,10761
Combo Pack of 2 Latest Collection Stylish casual Sports Running Shoes Running Shoes ,Multicolor,Men,['Axter'],478,52,3.6,528,55
Go Run Mojo-Radar Running Shoes ,"Black, Red, White",Men,['Skechers'],3179,47,4,280,33
Combo pack of 2 sports and running shoes for men Running Shoes ,Multicolor,Men,['Sporter'],499,50,3.5,1411,229
ENCOUNTER 7 Football Shoes ,"Blue, Yellow",Men,['Nivia'],552,5,3.9,253,32
Troy MU IDP Walking Shoes ,Grey,Men,['Puma'],1399,65,3.9,414,65
ROYCE-2 Running Shoes ,Blue,Men,['Campus'],954,9,4.2,28598,4350
Ontario IDP Running Shoes ,Black,Men,['Puma'],1500,,4.1,1285,161
Corporate Loafers Slip On Slip On ,Black,Men,['Bata'],799,,4.1,1407,210
Casuals ,Grey,Men,['Sukun'],426,,4.1,2156,297
Loafers ,Black,Men,['Provogue'],664,,3.6,13240,1518
Propel 3D MU IDP Running Shoes ,Blue,Men,['Puma'],1399,65,4.2,381,62
Sneakers ,Grey,Men,['Provogue'],809,,4,5184,803
Combat Army Boot For Men Boots ,"Green, Black",Men,"['Para', 'Trooper']",999,56,4,2181,330
"sports shoes for men | Latest Stylish Casual sneakers for men | Lace up lightweight shoes for running, walking, gym, trekking, hiking & party Running Shoes For Men� Sneakers ",Black,Men,['layasa'],389,61,4.1,10830,1601
Walking Shoes ,Black,Men,['MILESWALKER'],360,63,3.8,961,141
"Cute Grey Peach Sports Shoes,Gym Shoes,Casual Shoes,Walking Shoes, Running Shoes ","Grey, Pink",Women,['Asian'],489,,4.1,20839,3504
OXYFIT Casuals ,Navy,Men,['Campus'],789,1,4.2,2210,323
COURTKING2 Badminton Shoes ,Green,Men,['Yonex'],1299,27,4.3,14145,1915
Dwane IDP Running Shoes ,White,Men,['Puma'],1699,,4.2,35518,4367
Lace Up ,Brown,Men,['Mactree'],630,63,3.9,697,121
Propel 3D IDP Running Shoes ,Grey,Men,['Puma'],1399,65,4.2,6272,889
COSTA Running Shoes ,White,Men,['Campus'],989,5,4.1,221,29
MEN's Hiking & Trekking Shoes ,"Black, Beige",Men,['Aadi'],474,52,4,5245,784
Lace up ,Brown,Men,['Provogue'],877,,3.8,6473,1010
Combo Pack of 5 Casual Loafer Sneakers Shoes High Tops ,Multicolor,Men,['Shoefly'],949,61,3.9,968,146
New Stylish Shoes Running Shoes ,Blue,Men,['Nobelite'],280,,4,790,123
"Casual , Partywear Sneakers Shoes For Men's And Boys Red Color Sneakers ",Red,Men,"['D', 'SNEAKERZ']",367,,3.9,40131,5390
Combo of 2 Casuals ,Multicolor,Men,['Abisto'],299,70,4,910,100
Suede Leather Chelsea Boots ,Tan,Men,['Freacksters'],1661,52,4.2,3090,417
SC0620G Canvas Shoes ,"Grey, Blue",Men,['Sparx'],999,20,4.2,2648,397
Sneakers ,Multicolor,Men,['WELDONE'],683,,3.9,7949,1085
Outdoors ,Khaki,Men,['Woodland'],3188,,4.1,6061,895
Girls Casual Partywear Sneakers For Women Sneakers ,Grey,Women,['JIANSH'],399,60,4.1,6118,925
MCW-145 Running Shoes ,Multicolor,Men,['BRUTON'],299,76,3.7,14495,2095
Wired Walking Shoes ,Black,Men,['Puma'],1749,50,4.4,527,75
Men SM-487 Black White Running Shoes ,"Black, White",Men,['Sparx'],1371,19,4.3,1340,221
Walking Shoes ,White,Men,"['Red', 'Tape']",1259,70,4.2,374,55
Furio Lite 1.0 M Walking Shoes ,Blue,Men,['ADIDAS'],1943,,4.3,210,26
Men's Maroon Mesh Running Sport Shoes Running Shoes ,Maroon,Men,['Aadi'],379,62,4.1,1850,239
Belt gry Walking Shoes ,Grey,Men,['Woati'],348,61,3.9,147,17
Combo Pack of 2 Latest Collection Stylish casual Sports Running Shoes Running Shoes ,Multicolor,Men,['Axter'],478,52,3.6,528,55
Quin Two Slip On ,Black,Men,['Bata'],847,,4,1367,183
CRYSTA Running Shoes ,Blue,Men,['Campus'],786,25,4.1,6590,1000
SA 05 Slip On ,Black,Men,['Bata'],847,,4.1,3386,477
Troy MU IDP Walking Shoes ,Grey,Men,['Puma'],1399,65,3.9,414,65
Combo pack of 2 sports and running shoes for men Running Shoes ,Multicolor,Men,['Sporter'],498,50,3.8,704,108
Men SM-379 Black Red Walking Shoes ,"Red, Black",Men,['Sparx'],1094,24,3.8,791,108
Axelion Block Running Shoes ,Black,Men,['Puma'],3419,,4.1,61,10
SCALE Slip On ,Black,Men,['Bata'],847,,4.1,3440,517
Running Shoes ,White,Men,['Asian'],499,16,4,12182,1837
Propel 3D MU IDP Running Shoes ,Blue,Men,['Puma'],1399,65,4.2,381,62
shoes for Men pack of 2 Combo Casuals ,Multicolor,Men,['Bersache'],498,50,4,132,15
casual shoe for men Sneakers ,Black,Men,['bluemaker'],399,60,3.9,1241,161
PRO-CAP-AW1016 Boots ,Brown,Men,['Provogue'],799,55,4,6151,985
Rider-X Leatherette Tan Brown Zipper Rough n Tough Hiking Trekking Riding High Ankle Length Long Men's Boots Boots ,Tan,Men,"['Shoe', 'Island']",504,,3.7,200,26
"Casual , Partywear Sneakers Shoes For Men's And Boys White Color Party Wear ",White,Men,"['D', 'SNEAKERZ']",366,,3.9,40131,5390
"Combo pack of 2 casual, loafer and sneaker shoes for men Loafers ",Multicolor,Men,['Armado'],419,58,4.1,64,8
Perfect Stylish Girls Casual Shoes Sneakers ,White,Women,['Longwalk'],398,,4.2,5774,891
Running Shoes ,Navy,Men,['Adza'],444,,4,49593,6114
men Air Cushion Basketball Sneakers Anti-skid High-top Basketball Shoes ,White,Men,"['Mr', 'SHOES']",1424,71,3.6,127,21
Walking Shoes ,Black,Men,['MILESWALKER'],360,63,3.8,961,141
Men's Synthetic Leather Casual Office Use Wedding Formal Shoes For Mens And Boys Slip On For Men Slip On ,Black,Men,"['Shoes', 'Bank']",329,,3.8,6734,970
COURTKING2 Badminton Shoes ,Silver,Men,['Yonex'],1299,27,4.3,14145,1915
NIKE RUNALLDAY 2 Running Shoes ,Black,Men,['Nike'],3956,,4.3,173,25
Propel 3D IDP Running Shoes ,Grey,Men,['Puma'],1399,65,4.2,6272,893
GEL-CONTEND 5B Running Shoes ,Black,Men,['Asics'],2399,40,4.2,195,34
Ontario IDP Running Shoes ,"Black, Grey",Men,['Puma'],1649,,4.1,1285,161
Beamer Cricket Shoes ,"Yellow, White",Men,['DSC'],649,,4.3,924,149
Sneakers ,Grey,Men,['Ducati'],1499,,4.1,1451,201
SM-322 Sneakers ,"Black, Grey",Men,['Sparx'],810,,4.2,38760,6358
Combo Pack of 5 Casual Loafer Sneakers Shoes High Tops ,Multicolor,Men,['Shoefly'],949,61,3.9,968,146
Black Money Boots ,"Red, Black",Men,['Essence'],499,50,3.8,5568,714
Sneakers ,Tan,Men,"['Red', 'Tape']",1259,70,,,
EQUALIZER 3.0 Sneakers ,Black,Men,['Skechers'],2999,40,4.4,847,111
Wired Walking Shoes ,Black,Men,['Puma'],1749,50,4.4,527,75
Mojaris ,Multicolor,Women,['RYAG'],501,,3.7,4990,790
BLACK SHARK Training & Gym Shoes ,Black,Men,['XYLUS'],379,62,4.1,700,97
Running Shoes ,Black,Men,['Adza'],474,78,3.8,23371,3379
Formal Slip On Shoe For Men (Black) Slip On ,Black) Slip On For Men  (Black,Men,"['ANNI', 'INTERNATIONAL']",586,,4.1,3085,607
Walking Shoes ,White,Men,['Numenzo'],388,61,3.9,887,103
Sneakers ,Multicolor,Men,['WELDONE'],683,,3.9,7949,1085
Sneakers ,Blue,Men,['Essence'],499,,4,30996,3941
Women Casual & Running Shoes Combo Pack of 2 Sneakers ,Multicolor,Women,['Asian'],549,,4.1,13361,2445
"Walking Shoes,Gym Shoes,Knit Sports Shoes,Training Shoes,Sports Shoes, Running Shoes,Casual Shoes Running Shoes ",Black,Men,['Asian'],474,20,4.1,26554,3911
Troy MU IDP Walking Shoes ,Grey,Men,['Puma'],1399,65,3.9,414,71
Akayu 2 Badminton Shoes ,"Red, Black",Men,['Yonex'],1658,33,4.2,4843,647
Cgreen Marathon Running Shoes ,Blue,Men,['SEGA'],599,,4,4411,711
Cricket Shoes ,White,Men,['SG'],990,,4.1,284,57
SM-421 Turkey Running Shoes ,Blue,Men,['Sparx'],826,,4.2,15058,2295
Jaunt IDP Running Shoes ,Navy,Men,['Puma'],2199,,4.1,2623,352
Propel 3D MU IDP Running Shoes ,Blue,Men,['Puma'],1399,65,4.2,381,62
COURTKING2 Badminton Shoes ,Red,Men,['Yonex'],1299,27,4.3,14145,1915
Jerzo M Running Shoes ,Black,Men,['ADIDAS'],3232,,4,102,14
Sneakers ,Red,Men,['BRUTON'],249,58,3.9,42,2
Walking Shoes ,Black,Men,['MILESWALKER'],360,63,3.8,961,141
Socks Shoes Casuals ,Grey,Men,['Sukun'],423,57,4.1,11429,1534
Combo Pack of 5 Casual Shoes Slip On Sneakers ,Multicolor,Men,['Hotmess'],689,,4,1312,173
SM-620 Sneakers ,"Black, Red",Men,['Sparx'],999,20,4.2,2648,397
Men's Office and Party 295 Corporate Casuals ,Tan,Men,['TR'],399,,4.1,2799,411
Walking Shoes ,"Pink, Grey",Women,['Asian'],664,55,4.2,21349,3176
Combo Pack of 5 Casual Loafer Sneakers Shoes High Tops ,Multicolor,Men,['Shoefly'],949,61,3.9,968,146
(Narrow Toe) 634-Tan Canvas Shoes ,Narrow Toe) 634-Tan Canvas Shoes For Men  (Tan,Men,['Unistar'],349,,4.1,679,108
BOUNDER-MIRKLE Running Shoes ,Black,Men,['Skechers'],3299,40,4,476,47
ACTIVE-32 Running Shoes ,"Grey, Black",Men,['Lancer'],599,,4,2919,431
Propel 3D IDP Running Shoes ,Grey,Men,['Puma'],1399,65,4.2,6272,889
Cricket Shoes ,Blue,Men,['SG'],2099,,4.6,17,4
"Hattrick-02 Running shoes for boys | laceless sports shoes for men | Latest Stylish Casual sneakers for men without laces | Slip on blue shoes for running, walking, gym, trekking & party Walking Shoes ","Blue, Blue",Men,['Asian'],759,24,4,544,99
DOCIE II Slip On ,Black,Men,['Bata'],1196,,4.1,1114,185
Slip On ,Tan,Men,['Bata'],999,50,4,125,22
"Mesh Running Shoes ,Cricket Shoes , Badminton Shoes , Volly Ball Shoes , Sports Shoes For Mens And Boys? Running Shoes For Men Running Shoes ",Grey,Mens,['obot'],299,70,4.1,40,4
Sneakers ,Multicolor,Men,['WELDONE'],683,,3.9,7949,1085
Casuals ,"Blue, Orange",Men,['Clymb'],211,57,3.8,9982,1316
casual for men sneaker shoes high top shoes stylish High Tops ,Yellow,Men,['DOLLER'],449,55,4.1,3085,395
Combo Pack of 3 Casual Shoes ,Navy,Men,['Stinson'],698,53,3.8,526,62
Wired Walking Shoes ,Black,Men,['Puma'],1749,50,4.4,527,76
Casuals ,Black,Men,['Provogue'],901,,3.9,3590,493
White Sneaker For Men's/Boy's Sneakers ,White,Men,['Claptrap'],379,15,4,4905,604
Gala Running Shoes ,White,Women,['HASTEN'],579,,4.2,1567,271
NORTH Running Shoes ,Black,Men,['Campus'],1424,5,4.2,11426,1781
Go Run 600-Spectra Running Shoes ,Grey,Men,['Skechers'],3179,40,4.3,150,23
Combo Pack of 2 Latest Collection Stylish casual Sports Running Shoes Running Shoes ,Multicolor,Men,['Axter'],478,52,3.6,528,56
170 Smart Grey Lace-Ups Casuals for Men Sneakers ,Grey,Men,['Chevit'],236,52,4,9517,1053
Casuals ,Black,Men,['Provogue'],901,,3.9,3590,493
 Men's Combo Pack Of 3 Synthetic Casuals Shoes Sneakers ,Multicolor,Men,['Fabbmate'],999,66,3.7,2234,260
Troy MU IDP Walking Shoes ,Grey,Men,['Puma'],1399,65,3.9,414,71
Walking Shoes ,"Pink, Grey",Women,['Asian'],664,55,4.2,21349,3176
Cricket Shoes ,White,Men,['SG'],990,,4.1,284,57
fuzor B Running Shoes ,Black,Men,['Asics'],2279,40,4.4,298,52
"Mesh,Cricket, Badminton, Volly Ball, Sports Running Shoes ",Blue,Men,['Layasa'],331,,3.8,87718,11137
Sports shoe Running Shoes ,"Black, Grey",Men,['SEGA'],599,36,3.9,4297,645
Propel 3D MU IDP Running Shoes ,Blue,Men,['Puma'],1399,65,4.2,381,62
Ultra Speed V3 Lp Running Shoes ,Blue,Men,['REEBOK'],2051,,4.3,818,114
RUN DASHRIDE XTREME LP Running Shoes ,Grey,Men,['REEBOK'],2159,,4.2,17,2
COURTKING2 Badminton Shoes ,Red,Men,['Yonex'],1299,27,4.3,14145,1896
Walking Shoes ,Black,Men,['MILESWALKER'],360,63,3.8,961,148
VERTIGO NAVY RUNNING SHOES For MEN 6 Running Shoes ,Navy,MEN,['Lotto'],899,64,4.1,113634,15655
Party Wear Shoes ,Black,Men,['Aadi'],474,52,4.1,4666,681
Casuals ,"Blue, Orange",Men,['Clymb'],211,57,3.8,9982,1316
Shoes Kingdom _LB791 Mocassins Casual Loafers For Men (Black) Loafers ,Black) Loafers For Men  (Black,Men,"['Shoes', 'Kingdom']",739,26,3.7,6168,795
PRO-NP-AW05 Slip On Sneakers ,Blue,Men,['Provogue'],729,,4,24086,3284
Combo Pack of 5 Casual Loafer Sneakers Shoes High Tops ,Multicolor,Men,['Shoefly'],949,61,3.9,968,146
Sneakers ,Grey,Men,['SKARA'],360,,4.4,113,22
"Running,Walking, Sports, Gym & Fitness Shoes for Girls Sneakers ",Pink,Women,['LoveHush'],499,,4.3,394,60
"White Blue Sports Shoes,Gym Shoes,Training Shoes,Formal Shoes,Walking Shoes, Running Shoes ","White, Blue",Men,['Asian'],640,35,4,92580,13814
"sports shoes for men | Latest Stylish Casual sneakers for men | Lace up lightweight shoes for running, walking, gym, trekking, hiking & party Running Shoes For Men� Running Shoes ","Black, White",Men,['layasa'],389,61,4.1,10830,1601
Walking Shoes ,Olive,Men,"['Red', 'Tape']",1259,70,4.2,374,61
Leather Formal ,Black,Men,"['Red', 'Tape']",1442,,4,172,37
PRO CARBONITE 3.0 Football Shoes ,"Black, Yellow",Men,['Nivia'],699,,3.9,353,61
Arcadeis Ms Running Shoes ,Grey,Men,['ADIDAS'],2053,,4.1,4208,573
CRI HASE Running Shoes ,"White, Green",Men,['ADIDAS'],2479,,4.3,383,59
Propel 3D IDP Running Shoes ,Grey,Men,['Puma'],1399,65,4.2,6272,893
Hellion Z M Running Shoes ,Grey,Men,['ADIDAS'],1814,,4.1,2040,265
"Airsocks-12 Men's Flyknit Socks Sneakers,Ultra-lightweight, Breathable, Walking, Running, Casual Athleisure Knitted Sock Shoes Walking Shoes ","Grey, Maroon",Men,['Asian'],649,56,4.1,14562,2304
SM-607 Sneakers ,"White, Black",Men,['Sparx'],672,,4.3,920,158
Wired Walking Shoes ,Black,Men,['Puma'],1749,50,4.4,527,75
Glen Canvas Shoes ,Black,Men,['Woodland'],1329,,4.2,1076,184
Men's Black ankle lenght High Tops ,Black,Men,['ADISO'],389,,4,5689,607
Sneakers ,White,Men,['Ducati'],1499,,4.1,1451,201
168 Smart Red Lace-Ups Casuals for Men Sneakers ,"Red, Black",Men,['Chevit'],236,,4,9517,1088
Burst Slipon Wn s IDP Sneakers ,Green,Women,['Puma'],1937,51,4.3,2133,338
Sneakers ,Multicolor,Men,['WELDONE'],683,,3.9,7949,1085
EASY VULC 2.0 Sneakers ,Black,Men,['ADIDAS'],2127,46,4,1006,101
Sneakers ,Navy,Men,['Essence'],499,,4,30996,3941
Outdoors ,Olive,Men,['Woodland'],3137,,4.3,6536,1061
Troy MU IDP Walking Shoes ,Grey,Men,['Puma'],1399,65,3.9,414,65
Combo Men Pack of 2 Loafers Shoes Sneakers ,"Black, Red",Men,['Shoefly'],299,,4,8355,1091
PRO-CAP-AW1016 Boots ,Brown,Men,['Provogue'],799,55,4,6151,985
Burst Slipon Wn s IDP Sneakers ,Green,Women,['Puma'],1937,51,4.3,2133,337
Men Synthetic Leather Office Black Formal Shoes Slip On ,Black,Men,['Kraasa'],474,,4,3269,480
school shoes Running Shoes ,Black,Men,['ADIDAS'],664,73,3.5,325,40
Propel 3D MU IDP Running Shoes ,Blue,Men,['Puma'],1399,65,4.2,381,62
WNDR-11 Running Shoes For Men Running Shoes ,Multicolor,Men,['TR'],499,50,4.3,107,20
Density Running Shoes ,"Navy, White",Men,['Density'],445,55,3.9,31777,4489
Trenzo II IDP Running Shoes ,Blue,Men,['Puma'],1230,,4.1,9513,1328
Walking Shoes ,Black,Men,['MILESWALKER'],360,63,3.8,961,141
Corporate Derby Lace Up Derby ,Black,Men,['Bata'],790,1,4.1,971,154
Flex Experience Run 9 Running Shoes ,Blue,Men,['Nike'],3646,,4.1,85,10
Men Synthetic Leather Office Black Formal Shoes Slip On Shoes ,Black,Men,['Kraasa'],474,52,3.8,14198,2231
Men SM-402 Navy Blue Slip On Sneakers ,Navy,Men,['Sparx'],445,10,4.2,28398,4583
"Combo pack of 2, casual, sneaker shoes for men ",Multicolor,Men,['Armado'],498,50,3.6,8738,1039
Combo Pack of 5 Casual Loafer Sneakers Shoes High Tops ,Multicolor,Men,['Shoefly'],949,61,3.9,968,146
Royal Look Party Wear Shoes For Men ll Casual Shoes For Men ll Latest Patent Leather Boots for Men Boots ,"Red, Maroon",Men,['Vellinto'],749,,4.3,645,115
Acrux IDP Sneakers ,Green,Men,['Puma'],1584,51,4.2,1550,181
Casuals ,Black,Men,['Bata'],358,,4,730,116
Propel 3D IDP Running Shoes ,Grey,Men,['Puma'],1399,65,4.2,6272,889
Jutis ,"Gold, Black",Women,['Gerief'],199,,4,1466,216
FILA Men Blue DUAL SPEED Running Shoes Walking Shoes ,Blue,Men,['Fila'],1589,,4.1,72,16
"Wndr,Cosco-13 Full Black Boys School Shoes,Running Shoes,Walking Shoes,Sports Shoes,Gym Shoes Running Shoes ",Black,Men,['Asian'],569,43,4,19642,3259
Walking Shoes ,"Black, Grey",Men,['Asian'],499,16,4,18135,2686
Running Shoes ,White,Men,['Asian'],499,16,4,12182,1837
Sneakers ,Multicolor,Men,['WELDONE'],683,,3.9,7949,1087
Men SM-375 Blue Running Shoes ,Blue,Men,['Sparx'],810,18,4.3,2061,346
Erdiga 4.0 Running Shoe ,Navy,Men,['ADIDAS'],2053,,4.2,1255,154
Equalizer 3.0 Walking Shoes ,Blue,Men,['Skechers'],2879,40,4.3,422,34
Wired Walking Shoes ,Black,Men,['Puma'],1749,50,4.4,527,75
SPORT MUSHY Walking shoes ,Navy,Men,['Bata'],448,,4,2063,351
Casuals ,Red,Men,['Kzaara'],189,81,3.9,3851,424
Combo Pack of 2 Casual Loafer Sneakers Shoes Sneakers ,"Blue, Red",Men,['Axter'],299,,4.1,9549,1107
Casuals ,White,Men,['Aadi'],436,,4.1,1787,228
Casual ,Khaki,Men,['Woodland'],2516,,4.1,1970,302
Combo Pack of 2 Latest Collection Stylish casual Sports Running Shoes Running Shoes ,Multicolor,Men,['Axter'],478,52,3.6,528,55
Adispree 5.0 M Running Shoes ,"Grey, Silver",Men,['ADIDAS'],1743,,4.3,265,47
Quickspike M Running Shoes ,"Black, Grey",Men,['ADIDAS'],2159,,4.1,227,21
Casuals ,White,Men,['TR'],349,65,3.7,2613,374
Troy MU IDP Walking Shoes ,Grey,Men,['Puma'],1399,65,3.9,414,65
Combo Pack of 5 Casual Sneakers With Sneakers ,Multicolor,Men,['Chevit'],705,,4,47766,6577
Sneakers ,White,Men,['Ducati'],1499,,4.1,1451,201
Exclusive Hip Hop Dancing Boots Sneakers High Tops ,Maroon,Men,['ZIXER'],555,,4,4588,493
Casuals ,Orange,Men,['Aadi'],297,70,4,293,33
Women's/Girls Trendy Fashionable Lightweight Comfortable shoe Sneakers ,White,Women,['RINDAS'],370,62,4.2,894,122
Propel 3D MU IDP Running Shoes ,Blue,Men,['Puma'],1399,65,4.2,381,62
Appeal Badminton Shoes ,Multicolor,Men,['Nivia'],764,23,4.2,3065,406
Q 3 Lace Up Shoes ,Black,Men,['Bata'],499,,4.1,2116,335
Pronto V2 IDP Running Shoes ,Black,Men,['Puma'],1763,,4,1551,188
Rider-X Leatherette Tan Brown Zipper Rough n Tough Hiking Trekking Riding High Ankle Length Long Men's Boots Boots ,Tan,Men,"['Shoe', 'Island']",504,,3.7,200,26
Men Synthetic Leather Office Black Formal Shoes Slip On Shoe ,Black,Men,['Kraasa'],474,52,3.7,20394,2765
Jerzo M Running Shoes ,Black,Men,['ADIDAS'],3232,,4,102,14
Videll M Running Shoes ,Black,Men,['ADIDAS'],1743,,4.1,106,14
Walking Shoes ,Grey,Men,"['M7', 'By', 'Metronaut']",590,60,4,3784,492
"Worldcup-03 Running shoes for boys | sports shoes for men | Latest Stylish Casual sneakers for men | Lace up lightweight black shoes for running, walking, gym, trekking, hiking & party ","Black, Maroon",Men,['Asian'],1329,33,4.1,1996,260
Walking Shoes ,Black,Men,['MILESWALKER'],360,63,3.8,961,148
Men's Black ankle lenght High Tops ,Tan,Men,['ADISO'],399,60,4,5689,607
Combo Pack of 2 Casual Shoes Casuals ,Multicolor,Men,['Birde'],599,40,4,5,3
Outdoor ,Tan,Men,['Woodland'],2840,,4.1,7645,1221
Combo Pack of 5 Casual Loafer Sneakers Shoes High Tops ,Multicolor,Men,['Shoefly'],949,61,3.9,968,146
Slip On Sneakers ,Blue,Men,['Clymb'],299,,4,1893,251
Combo Fit-Man Red & Blue Loafers ,Multicolor,Men,['BRUTON'],378,,3.8,9919,1375
Nagra Jutti Jutis ,Black,Men,['MGZ'],271,66,3.9,177,19
Running Shoes ,Grey,Men,['Clymb'],284,71,3.6,1113,130
Seawalk Idp Walking Shoes ,Black,Men,['Puma'],1720,,4.3,574,97
Propel 3D IDP Running Shoes ,Grey,Men,['Puma'],1399,65,4.2,6272,889
Running Running Shoes ,Black,Men,['Clymb'],284,71,3.6,1113,130
FORMAL SHOES Lace Up For Men ,Brown,Men,"['shoes', 'for', 'men']",317,68,4,316,38
Galaxy 4 Running Shoes ,Blue,Men,['ADIDAS'],2294,,4.2,151,15
Wired Walking Shoes ,Black,Men,['Puma'],1749,50,4.4,527,75
Bond Street By Red Tape Walking Shoes ,Navy,Men,"['Bond', 'Street', 'By', 'Red', 'Tape']",1018,70,4.2,857,158
Fly.By Mid Basketball Shoes ,"Black, Red",Men,['Nike'],3326,26,4.2,396,53
Running Shoes ,Grey,Men,['Provogue'],664,,4,223,40
Icon IDP Sneakers ,Black,Men,['Puma'],1584,,4.2,4695,627
Combo Pack of 5 Casual & Sports Shoes (Loafers Shoes) Casuals ,Loafers Shoes) Casuals For Men  (Multicolor,Men,['Chevit'],841,,4.1,4685,688
Sneakers ,Multicolor,Men,['WELDONE'],683,,3.9,7949,1087
Walking Shoes ,"Black, Grey",Men,['Asian'],499,16,4,18136,2656
Men Leather Semi Formal Loafers ,Brown,Men,"['Red', 'Tape']",1408,70,3.9,1705,285
Binafo Ms Running Shoes ,Blue,Men,['ADIDAS'],2316,,4,1421,194
Troy MU IDP Walking Shoes ,Grey,Men,['Puma'],1399,65,3.9,414,65
Streetflow Walking Shoes ,Black,Men,['ADIDAS'],2461,,4.3,662,88
Canvas Shoes ,"White, Black",Men,['Gusto'],246,50,3.7,1188,135
Casuals ,Red,Men,['Kzaara'],189,81,3.9,3851,424
Court Borough Low Sneakers ,Black,Men,['Nike'],2652,38,4.2,1312,169
Loafers ,Blue,Men,['Evolite'],442,,4,3050,365
Propel 3D MU IDP Running Shoes ,Blue,Men,['Puma'],1399,65,4.2,381,62
Men's CASUAL Shoes Fashion Breathable Sneakers Sneakers ,Black,Men,['REWARM'],299,,3.7,3727,434
Walking Shoes ,Grey,Women,['Sparx'],880,11,4.4,955,177
NEVIO Running Shoes ,Black,Men,['Fila'],1426,,4.1,1082,150
Walking Shoes ,Black,Men,['MILESWALKER'],360,63,3.8,961,141
Pacer evo 2.0 IDP Walking Shoes ,Black,Men,['Puma'],1760,,4.2,298,36
Men's Breathable Fashion Training & Gym Shoes ,Multicolor,Men,"['FREEDOM', 'DAISY']",360,,3.7,424,46
Furio Lite 1.0 M Running Shoes ,"Red, Black",Men,['ADIDAS'],1651,,4.3,136,21
Zelt Sl 2.0 M Running Shoes ,Blue,Men,['ADIDAS'],2591,,4.3,20,3
NIKE DOWNSHIFTER 10 Running Shoes ,Red,Men,['Nike'],2956,,4.3,29,1
Combo Pack of 5 Casual Loafer Sneakers Shoes High Tops ,Multicolor,Men,['Shoefly'],949,61,3.9,968,146
Rush M Running Shoes ,Black,Men,['ADIDAS'],1979,,4.1,1102,134
"Century-04 Running shoes for boys | sports shoes for men | Latest Stylish Casual sport shoes for men | Lace up Lightweight turquoise shoes for running, walking, gym, trekking, hiking & party Running Shoes ",Blue,Men,['Asian'],649,35,4.1,1229,222
SM-162 Sneakers ,Navy,Men,['Sparx'],720,,4.2,67806,10761
Propel 3D IDP Running Shoes ,Grey,Men,['Puma'],1399,65,4.2,6272,889
Stylish Loafers Loafers ,Tan,Men,['Bata'],998,,4,881,120
Outdoors ,Brown,Men,['Woodland'],3218,,4.2,1812,314
Hand Made Loafar Loafers ,Brown,Men,['Stylish'],499,,3.8,3849,481
STYLISH white Multicolor Canvas Shoes Party Wear Men Running Casual Sneakers boys/Girls Sneakers ,"Navy, Red",Men,['Ktiz'],449,55,4.1,502,86
"Latest Collection, Comfortable & Fashionable Bellies for Women's and Girl's Pack of 2 Bellies ",Multicolor,Women,['Fabbmate'],429,,4,3038,400
Sneakers ,Multicolor,Men,['WELDONE'],683,,3.9,7949,1085
Air Max Impact Basketball Shoes ,Black,Men,['Nike'],5676,29,4.3,106,12
Men's Running & Sports Shoes Running Shoes ,Grey,Men,['Denvr'],240,59,3.6,165,25
GO RUN 600 - DIVERT Running Shoes ,Grey,Men,['Skechers'],2999,40,4.3,472,64
Wired Walking Shoes ,Black,Men,['Puma'],1749,50,4.4,527,75
HYDRA-42 Running Shoes ,Multicolor,Men,['Lancer'],499,,3.9,42462,5892
Combo Pack of 2 Sports Shoes (Walking Shoes) Walking Shoes ,"Walking Shoes) Walking Shoes For Men  (Black, Blue",Men,['Marabous'],498,50,3.4,748,108
Erdiga 3 M Running Shoes ,Black,Men,['ADIDAS'],2107,,4.2,2598,352
Rider-01 White Running Shoes for Men I Sport Shoes for Boys with Beads Technology Sole for Extra Jump I Memory Foam Insole ,"White, White",Men,['Asian'],1699,15,4.2,128,25
GO RUN 600 Running Shoes ,Black,Men,['Skechers'],2999,40,4.4,660,80
Combo Pack of 2 Latest Collection Stylish casual Sports Running Shoes Running Shoes ,Multicolor,Men,['Axter'],478,52,3.6,528,55
DECLAN Lace Up ,Tan,Men,['Bata'],1172,31,4,1520,204
Slip On ,Black,Men,['Essence'],499,,4.1,2349,341
Lace Up ,Tan,Men,"['Franco', 'Leone']",1099,50,4.2,9,1
Troy MU IDP Walking Shoes ,Grey,Men,['Puma'],1399,65,3.9,414,65
KS4 BlackGrey Running Shoes ,"Black, Grey",Men,['SEGA'],649,23,4.2,696,114
Running Shoes ,Black,Men,['Deals4you'],296,,3.7,7986,814
Grito M Running Shoes ,Black,Men,['ADIDAS'],2097,,4.1,71,16
168 Smart Red Lace-Ups Casuals for Men Sneakers ,"Red, Black",Men,['Chevit'],236,,4,9518,1088
Combo Pack of 2 Affordable Range of Stylish Sports Running Shoes For Men Slip On Sneakers ,Multicolor,Men,"['World', 'Wear', 'Footwear']",399,60,3.8,2326,359
Propel 3D MU IDP Running Shoes ,Blue,Men,['Puma'],1399,65,4.2,381,62
Comfortable Men's Canvas Black Boxer Shoes Walking Casual Sport Running Canvas Sneaker Shoes for Men/Boy High Tops ,Black,Men,['Tryviz'],272,54,3.9,788,86
PRO-NP-AW05 Slip On Sneakers ,Blue,Men,['Provogue'],729,,4,24086,3284
COBRABROWN3101 Casuals ,Brown,Men,['ESSENCE'],499,50,3.8,2763,422
Walking Shoes ,Black,Men,['MILESWALKER'],360,63,3.8,961,141
Perfect Stylish Girls High Ankle Boots ,Grey,Women,"['Toshina', 'shoes', 'king']",399,60,4.2,5869,1048
Cricket Walking Gym Jogging Comfortable Running Shoes ,Black,Men,['Flickfinger'],312,68,3.8,86,16
Marathon Running Shoes ,"Red, Black",Men,['SEGA'],599,36,4,2415,312
NORTH Running Shoes ,Burgundy,Men,['Campus'],1424,,4.2,11426,1781
NIKE ZOOM WINFLO 7 Running Shoes ,Black,Men,['Nike'],5676,29,4.1,15,2
Rider-X Leatherette Tan Brown Zipper Rough n Tough Hiking Trekking Riding High Ankle Length Long Men's Boots Boots ,Tan,Men,"['Shoe', 'Island']",504,,3.7,200,26
"Running,Gym,Sports Running Shoes ",Black,Men,['MILESWALKER'],299,,3.8,26753,3353
Revolution 5 Running Shoes ,Grey,Men,['Nike'],2993,,4.1,11480,1583
Bounder- Arkala Running Shoes ,Black,Men,['Skechers'],3479,40,4.1,401,38
Combo Pack of 5 Casual Loafer Sneakers Shoes High Tops ,Multicolor,Men,['Shoefly'],949,61,3.9,968,146
NIKE FLEX EXPERIENCE RN 9 Running Shoes ,Black,Men,['Nike'],3646,,4.1,251,39
Multicolor Combo-(2)-1002-486 Slip On Sneakers ,2)-1002-486 Slip On Sneakers For Men  (Multicolor,Men,"['World', 'Wear', 'Footwear']",299,,3.9,7962,1047
Axis Tech Sneakers ,Grey,Men,['Puma'],2200,55,4.5,11,1
"Combo pack of 2, casual, sneaker shoes for men ",Multicolor,Men,['Armado'],498,50,3.6,8738,1111
Sneakers ,White,Men,['Inklenzo'],350,64,3.9,610,66
Propel 3D IDP Running Shoes ,Grey,Men,['Puma'],1399,65,4.2,6272,889
Surface IDP Sneakers ,Maroon,Men,['Puma'],1452,55,4.3,373,56
Elasto-02 Grey Black Running Shoes ,"Grey, Black",Women,['Asian'],699,53,4.2,21349,3176
GO RUN FOCUS-ATHOS Training & Gym Shoes ,Black,Men,['Skechers'],2879,40,4.1,298,39
Wired Walking Shoes ,Black,Men,['Puma'],1749,50,4.4,527,76
Running Shoes ,"Navy, White",Men,"['Rod', 'Takes']",428,,4,6137,780
Glenn M Running Shoes ,Navy,Men,['ADIDAS'],1649,,4.2,14111,1858
Running Shoes ,Navy,Men,"['HRV', 'SPORTS']",569,43,4.4,19,3
REMO 28 M1 Derby ,Brown,Men,['Bata'],678,,4.1,43,6
ST Trainer Evo II IDP Walking Shoes ,Navy,Men,['Puma'],1880,,4.2,1874,198
Sneakers ,Multicolor,Men,['WELDONE'],683,,3.9,7949,1087
Kivaro 1 M Running Shoes ,Grey,Men,['ADIDAS'],2488,45,4.1,302,40
ACTIVE-26 Running Shoes ,"Grey, Black",Men,['Lancer'],599,,4,2290,328
Athleisure Sports Range Walking Shoes ,Navy,Men,"['Red', 'Tape']",1697,,4,1016,117
Troy MU IDP Walking Shoes ,Grey,Men,['Puma'],1399,65,3.9,414,65
Combo pack of 2 Casuals Shoes For Men (1563-1564) Walking Shoes ,"1563-1564) Walking Shoes For Men  (Grey, Blue",Men,['Earton'],399,,3.8,7305,992
"Excel-15 Firozi Athleisure Sports Range,Jooti Walking Shoes ",Blue,Men,['Asian'],592,40,4,5707,871
"sports shoes for men | Latest Stylish Casual sneakers for men | Lace up lightweight shoes for running, walking, gym, trekking, hiking & party Running Shoes For Men Running Shoes ",Green,Men,['Kavon'],299,70,4.1,373,34
SM-484 Walking Shoes ,Blue,Men,['Sparx'],1249,5,4.2,1743,249
Troy MU IDP Walking Shoes ,Black,Men,['Puma'],1799,55,3.9,414,65
Propel 3D MU IDP Running Shoes ,Blue,Men,['Puma'],1399,65,4.2,381,62
"Combo pack of 3 casual, sneaker and shoes for men Sneakers ",White,Men,['Oricum'],807,,3.9,556,83
"Mocassin, Casuals, Party Wear Loafers ",Black,Men,['Kraasa'],474,52,3.9,6557,910
High Ankle Jungle Boots ,Black,Men,['Unistar'],799,,4.2,13443,2258
Walking Shoes ,Black,Men,['MILESWALKER'],360,63,3.8,961,141
Pack of 02 Pairs Running Shoes Running Shoes ,"Blue, Grey",Men,['Chevit'],474,,3.6,3914,530
Lightweight Pack Of 1 Trendy Sneakers Sneakers ,Multicolor,Men,['BRUTON'],249,58,3.9,42,2
Rajasthani Jaipuri Partywear Ethnic Womens Girls Ladies Jutis ,Blue,Women,['YAMISHU'],199,66,4.1,339,48
GLIDE ULTRA Walking Shoes ,Grey,Men,['Skechers'],2999,40,4.1,374,34
"Mens Flyknit Sneakers, Lightweight, Breathable, Walking, Running, Casual Athleisure Knitted Shoes Running Shoes ",Black,Men,['Kraasa'],474,52,4.1,759,111
Combo Pack of 5 Casual Loafer Sneakers Shoes High Tops ,Multicolor,Men,['Shoefly'],949,61,3.9,968,146
ALL ENGLAND 12 Badminton Shoes ,Grey,Men,['Yonex'],1879,34,4.2,1334,220
Kyris 4.0 Ms Running Shoes ,Blue,Men,['ADIDAS'],2041,52,4.1,8512,1033
Flash Badminton Shoes ,"Grey, Yellow",Men,['Nivia'],792,20,4,2890,361
Rider-X Leatherette Tan Brown Zipper Rough n Tough Hiking Trekking Riding High Ankle Length Long Men's Boots Boots ,Tan,Men,"['Shoe', 'Island']",504,,3.7,200,26
Lace Up ,Brown,Men,"['Lee', 'Cooper']",1099,56,3.9,15423,2358
SM-406 Running Shoes ,"Navy, Grey",Men,['Sparx'],850,18,4.2,25052,3724
VERTIGO NAVY RUNNING SHOES For MEN 6 Running Shoes ,Navy,MEN,['Lotto'],899,64,4.1,113634,15655
SM-500 Casuals ,"Black, Gold",Men,['Sparx'],850,18,4.3,1484,236
Casuals ,Black,Men,['xylus'],379,76,4.1,1498,277
Propel 3D IDP Running Shoes ,Grey,Men,['Puma'],1399,65,4.2,6272,893
Icon IDP Sneakers ,Navy,Men,['Puma'],1584,51,4.1,6877,908
Fashion Outdoor Canvas Casual Light Weight Lace-up Evening Walk Sneakers ,Multicolor,Men,['Arivo'],448,65,4,1020,189
BMW M Motorsport X-Ray Sneakers ,White,Men,['Puma'],4479,44,4.5,146,17
Combo Pack of 2 Latest Collection Stylish casual Sports Running Shoes Running Shoes ,Multicolor,Men,['Axter'],478,52,3.6,528,55
WMNS TODOS Running Shoes ,"White, Pink",Women,['Nike'],2023,49,4.4,273,40
Drogo 2.0 M Running Shoes ,White,Men,['ADIDAS'],2429,,4.2,10623,1379
Arcadeis Ms Running Shoes ,Grey,Men,['ADIDAS'],2053,,4.1,4208,573
TREAD LITE LUX LP Running Shoes ,Grey,Men,['REEBOK'],1563,,,,
REVOLUTION 5 Running Shoe ,Red,Men,['Nike'],2734,,4.1,11480,1583
Combo Pack of 2 Latest Collection Stylish casual Sports Running Shoes Running Shoes ,Multicolor,Men,['Axter'],449,55,3.5,2207,314
Sneakers ,Blue,Men,['TR'],350,64,4.3,46,2
"Breathable, Walking, Running, Casual,Gym Shoes Walking Shoes ",Pink,Women,['Shozie'],399,60,3.9,632,85
Q 3 Lace Up Shoes ,Black,Men,['Bata'],499,,4.1,2116,335
Troy MU IDP Walking Shoes ,Grey,Men,['Puma'],1399,65,3.9,414,65
Leather Semi-formals Lace Up ,Tan,Men,"['Red', 'Tape']",1768,70,4.1,663,95
Lace Up ,Black,Men,"['Lee', 'Cooper']",930,66,,42,11
Canvas And Synthetic Leather Running Shoes ,"Blue, Grey",Men,['Deals4you'],379,,3.8,9123,1206
"Century-12 Running shoes for boys | sports shoes for men | Latest Stylish Casual sport shoes for men | Lace up Lightweight navy for running, walking, gym, trekking, hiking & party Running Shoes ",Navy,Men,['Asian'],674,,4.1,6054,990
NUM0001 Oxford ,Black,Men,['NUMERA'],359,55,3.9,126,15
Propel 3D MU IDP Running Shoes ,Blue,Men,['Puma'],1399,65,4.2,381,62
"Fashionable Durable Breathable Running shoes for boys | sports shoes for men | Latest Stylish Casual sport shoes for men | Lace up Lightweight Orange shoes for running,jogging,training, walking, gym, trekking, hiking & party Running Shoes ",Orange,Men,"['My', 'Walk']",399,60,4.2,255,25
Walking Shoes ,Multicolor,Men,['Magnolia'],449,70,3.8,94,12
"SM-162 Navy Blue Walking Shoes,Training Shoes,Sneakers,Loafers,Canvas Shoes,Casual Shoes,Sneakers ",Navy,Men,['Asian'],474,,4,12455,1964
Walking Shoes ,Black,Men,['MILESWALKER'],360,63,3.8,961,141
Leather Ankle Boots ,Brown,Men,"['Red', 'Tape']",6294,,4.2,4432,640
Sneakers ,Multicolor,Men,['Jokatoo'],398,,4,2734,419
Men's Black ankle lenght High Tops ,Black,Men,['ADISO'],389,,4,5689,602
Men's Stylish Loafers ,"Red, Black",Men,"['Lee', 'Won']",211,57,3.9,3061,419
"Cute Grey Peach Sports Shoes,Gym Shoes,Casual Shoes,Walking Shoes, Running Shoes ","Grey, Pink",Women,['Asian'],489,8,4.1,20840,3504
Combo Pack of 5 Casual Loafer Sneakers Shoes High Tops ,Multicolor,Men,['Shoefly'],949,61,3.9,968,146
Beamer Cricket Shoes ,"Orange, White",Men,['DSC'],649,,4.3,924,149
Corporate Derby Lace Up Derby ,Brown,Men,['Bata'],798,,4.1,971,154
new black sport fashion shoes Walking Shoes ,Black,Men,['DESASTER'],350,,3.7,2130,282
Propel 3D IDP Running Shoes ,Grey,Men,['Puma'],1399,65,4.2,6272,889
Running Shoes For Men Running Shoes ,Yellow,Men,['DIGITRENDZZ'],299,70,4.3,12,1
Running Shoes For Men Running Shoes ,Black,Men,['YAMISHU'],399,60,3,7,1
CR2-GREY Walking Shoes ,Grey,Men,"['Absolute', 'comfort']",268,73,3.7,230,31
Zod Runner V3 IDP Running Shoes ,Black,Men,['Puma'],1699,,4,697,85
Combo Pack of 2 Latest Collection Stylish casual Sports Running Shoes ,Multicolor,Men,['Shoefly'],478,52,3.7,214,26
Sneakers ,Multicolor,Men,['WELDONE'],683,,3.9,7949,1085
Loafers ,Brown,Men,['Walkstyle'],559,,3.9,2127,270
"Men's Causal Sneaker,Black SUP, Wallking Running Smart Sneakers Neon Orange Black Shoes Sneakers ",Green,Men,['CEATO'],369,63,4.4,76,12
Fashion 482 Yellow Mesh Outdoor Casuals Running shoes for Men's Outdoors ,Yellow,Men,['Chevit'],369,26,4.1,110,11
Combo Pack of 2 Latest Collection Stylish casual Sports Running Shoes Running Shoes ,Multicolor,Men,['Axter'],478,52,3.6,528,56
Climber Boots ,Bronze,Men,['Kraasa'],555,44,4,52379,6709
White Sneaker For Men's/Boy's Sneakers ,White,Men,['Claptrap'],379,15,4,4905,604
"Women Running, Walking, Sports Shoes For Girls Running Shoes ",Black,Girls,['FASHIMO'],499,33,4.1,2583,387
Running Shoes ,"Orange, Black",Men,['Aadi'],449,55,4.1,22406,3416
Triggeerr Running Shoes ,"Black, Red",Men,['Campus'],1299,,3.8,17,2
Combo Pack of 2 Latest Collection Stylish casual Sports Running Shoes Running Shoes ,Multicolor,Men,['Axter'],449,55,3.5,2207,308
casual for men sneaker shoes high top shoes stylish High Tops ,Blue,Men,['DOLLER'],449,55,4.1,3085,395
Delta Sneakers ,White,Men,['Woodland'],1559,,4.1,459,70
Casuals ,Brown,Men,['Hotmess'],338,32,3.9,1419,191
Troy MU IDP Walking Shoes ,Grey,Men,['Puma'],1399,65,3.9,414,65
Comfortable Stylish Latest Design Walking Shoes ,White,Women,['Longwalk'],698,,4.2,174,16
Derby ,Black,Men,"['Red', 'Tape']",1498,70,4.1,2465,337
Men SM-375 Blue Running Shoes ,Blue,Men,['Sparx'],810,18,4.3,2061,346
Echelon V1 IDP Running Shoes ,Blue,Men,['Puma'],1715,,4.2,11925,1848
STREETMIGHTY Basketball Shoes ,White,Men,['ADIDAS'],3659,39,4.1,14,1
Propel 3D MU IDP Running Shoes ,Blue,Men,['Puma'],1399,65,4.2,381,62
Go Walk 4 Walking Shoes ,Navy,Men,['Skechers'],3248,43,4.2,272,50
PLUS LITE RUNNER LP Running Shoes ,"Black, Green",Men,['REEBOK'],1975,,3.8,862,93
Enzo 2 Running Shoes ,Blue,Men,['Puma'],2420,,4,112,8
Walking Shoes ,Black,Men,['MILESWALKER'],360,63,3.8,961,141
Running Shoes ,"Maroon, Black, Navy, Grey",Men,"['M7', 'By', 'Metronaut']",590,60,3.9,530,67
High Ankle Boots ,Black,Men,['Runway'],474,52,4,1076,159
1312 Casuals ,Blue,Men,"['B', 'BOND']",284,,3.9,2052,260
Casuals ,Black,Men,['Aadi'],284,71,3.7,4905,535
Party Wear ,White,Men,['Inklenzo'],391,60,4,188,27
Combo Pack of 5 Casual Loafer Sneakers Shoes High Tops ,Multicolor,Men,['Shoefly'],949,61,3.9,968,146
Sb Charge Slr Sneakers ,Black,Men,['Nike'],3326,26,4.3,390,56
Women's punjabi jutti Jutis ,Brown,Women,"['Royal', 'Khwaab']",349,65,3.9,37,9
Running Shoes ,"Red, Black",Men,['Sparx'],688,18,4.2,5951,1056
Propel 3D IDP Running Shoes ,Grey,Men,['Puma'],1399,65,4.2,6272,889
Combo Pack of 4 Affordable Range of Stylish Casual Comfortable Sports Shoes Running Shoes For Men Running Shoes ,Multicolor,Men,"['World', 'Wear', 'Footwear']",698,65,4.7,3,0
Modern Slip on IDP Walking Shoes ,Navy,Men,['Puma'],1760,,3.9,229,40
MAKAIO Running Shoe ,Navy,Men,['Fila'],1374,45,4.1,2103,309
Men SM-482 Navy Blue Neon Orange Running Shoes ,"Navy, Orange",Men,['Sparx'],1149,14,4.2,11588,1603
STONIC Running Shoes ,Black,Men,['Campus'],1424,,4.2,1465,239
Sneakers ,Multicolor,Men,['WELDONE'],683,,3.9,7949,1085
SOCKS Running Shoes ,Blue,Men,['Density'],474,52,4.1,60833,9019
"Hiking & Trekking,Sports Shoes for Men Hiking & Trekking Shoes ","Grey, Brown",Men,['Stinson'],498,50,3.9,57,10
Rebound LayUp SL High Tops ,White,Men,['Puma'],2849,43,4.3,584,74
Combo Pack of 2 Latest Collection Stylish casual Sports Running Shoes Running Shoes ,Multicolor,Men,['Axter'],478,52,3.6,528,55
Corporate Casuals ,Brown,Men,"['Lee', 'Cooper']",920,63,3.8,292,40
Court Royale AC Sneakers ,White,Men,['Nike'],3326,26,4.2,1593,208
Advantage Base Sneakers ,White,Men,['ADIDAS'],3049,39,4.1,264,22
Sneakers ,Black,Men,['Bonexy'],350,64,3.8,1845,157
Nagra Jutti Jutis ,Black,Men,['MGZ'],271,66,3.9,198,21
Combo Pack of 2 Latest Collection Stylish casual Sports Running Shoes Running Shoes ,Multicolor,Men,['Axter'],449,55,3.5,2207,308
SHP3008 Loafers ,Tan,Men,['Provogue'],729,,3.9,15022,1924
Sneakers ,Off White,Men,"['Red', 'Tape']",1258,70,4.2,559,66
Men Brown Casual Shoes Loafers ,Brown,Men,['Paragon'],499,,3.7,327,61
Propel 3D MU IDP Running Shoes ,Blue,Men,['Puma'],1399,65,4.2,381,62
Canvas Shoe ,Black,Men,['Converse'],1918,,4.4,6785,803
Combo Pack of 4 Casual Shoes For Men Sneakers ,Multicolor,Men,['Shoefly'],490,,4.1,666,103
Bellies ,Green,Women,['Moonwalk'],269,,4,1581,278
Corporate Loafers Slip On Slip On ,Brown,Men,['Bata'],799,,4.1,1407,222
Slip On ,Tan,Men,['Essence'],499,50,4,1363,213
Walking Shoes ,Black,Men,['MILESWALKER'],360,63,3.8,961,141
"Mens Flyknit Sneakers, Lightweight, Breathable, Walking, Running, Casual Athleisure Knitted Shoes Running Shoes ",Navy,Men,['Kraasa'],474,52,4.1,759,111
Cricket Shoes Cricket Shoes ,"White, Yellow",Men,['DSC'],648,,4.2,268,45
Men SM-438 Camel Walking Shoes ,Brown,Men,['Sparx'],1214,,4.2,3883,623
Combo Pack of 5 Casual Loafer Sneakers Shoes High Tops ,Multicolor,Men,['Shoefly'],949,61,3.9,968,146
Men SM-443 White Royal Blue Running Shoes ,"White, Blue",Men,['Sparx'],1249,16,4.1,1597,259
Leather Formal Brogues Oxford ,Brown,Men,"['Red', 'Tape']",1414,,4.2,3650,498
Troy MU IDP Walking Shoes ,Grey,Men,['Puma'],1399,65,3.9,414,65
"Combo Pack of 5 Casual Shoes Sneakers, Loafers Sneakers ",Multicolor,Men,['Aura'],597,,4,1708,234
Icon IDP Sneakers ,White,Men,['Puma'],1518,,4.1,18317,2526
Rider-X Leatherette Tan Brown Zipper Rough n Tough Hiking Trekking Riding High Ankle Length Long Men's Boots Boots ,Tan,Men,"['Shoe', 'Island']",504,,3.7,203,27
,Black,Men,"['Red', 'Tape']",1697,,4.1,236,28
Combo-(5)-720-489-486-1002-492 Casual Loafers ,5)-720-489-486-1002-492 Casual Loafers For Men  (Multicolor,Men,"['World', 'Wear', 'Footwear']",699,71,4,2664,393
Loafers ,Copper,Men,['Rockfield'],399,60,3.9,1080,166
Propel 3D IDP Running Shoes ,Grey,Men,['Puma'],1399,65,4.2,6272,889
Synthetic Leather Casual Partywear Boots Shoes For Women And Girls Boots ,Grey,Women,['Carrito'],397,,4.3,783,135
Nike Flex Experience Run 9Men's Running Shoe Running Shoes ,Black,Men,['Nike'],3646,,4,47,7
Pro Carbonite -2018 Football Shoes ,"Black, Orange",Men,['Nivia'],592,,4.1,3182,416
Oxygen Running Shoes ,"Black, Red",Men,['Beerock'],485,51,4,83851,11551
Stargon 1.0 Ms Running Shoe ,Blue,Men,['ADIDAS'],2162,,4.1,3664,455
Combo Pack of 2 Latest Collection Stylish casual Sports Running Shoes Running Shoes ,Multicolor,Men,['Axter'],478,52,3.6,528,55
AMPLICA Running Shoes ,Grey,Men,['Asics'],2999,40,4.2,1453,179
Lace Up ,Black,Men,['Mactree'],949,67,3.8,2771,416
19.1 Bowling Football Shoes ,White,Men,['Puma'],4700,,4.2,33,3
Combo Pack of 2 Latest Collection Stylish casual Sports Running Shoes Running Shoes ,Multicolor,Men,['Axter'],449,55,3.5,2207,308
Tenaz Training & Gym Shoes ,Black,Men,['Puma'],2339,41,4.3,1012,141
Designer Loafers ,Maroon,Men,['Nobelite'],201,59,4.1,1671,239
ATLANTA NEO Sneakers ,Olive,Men,['Lotto'],599,70,4,14952,2227
Court Borough Mid High Tops ,White,Men,['Nike'],3288,40,4.3,532,55
GLIDE 2.0 ULTRA Slip On Sneakers ,Black,Men,['Skechers'],3179,40,4.3,451,46
Wired Walking Shoes ,Black,Men,['Puma'],1749,50,4.4,527,75
 SS 19 Basketball Shoes ,"White, Black",Men,['Fila'],1682,49,4.4,3938,587
"Hattrick-09 Running shoes for boys |sports shoes for men | Latest Stylish Casual sneakers for men | Lace up lightweight white shoes for running, walking, gym, trekking, hiking & party Running Shoes ","White, White",Men,['Asian'],759,24,4,1386,230
Boots ,Brown,Men,"['Lee', 'Cooper']",998,60,4,359,48
Troy MU IDP Walking Shoes ,Grey,Men,['Puma'],1399,65,3.9,414,65
Combo Pack of 2 Latest Collection Stylish Casual Sneakers Shoes Casuals ,Multicolor,Men,['Axter'],399,,3.9,80,14
BRYONT Sneakers ,Blue,Men,['Fila'],1536,47,4.2,346,51
Mens Ultraforce Mid-top Athletic-Inspired Retro Fashion Casual/outdoor Sneakers Sneakers ,White,Men,"['Bacca', 'Bucci']",949,62,4.2,62,15
Loafers ,Copper,Men,['Rockfield'],399,60,3.9,1080,166
Synthetic Leather Casual Partywear Boots Shoes For Women And Girls Boots ,Grey,Women,['Carrito'],397,,4.3,783,142
Propel 3D MU IDP Running Shoes ,Blue,Men,['Puma'],1399,65,4.2,381,62
Glenn M Running Shoes ,Navy,Men,['ADIDAS'],1649,,4.2,14111,1858
Combo pack of 2 Casuals Shoes For Men (1563-1564) Walking Shoes ,"1563-1564) Walking Shoes For Men  (Grey, Blue",Men,['Earton'],399,,3.8,7305,992
Factor M Running Shoes ,"Blue, Navy",Men,['ADIDAS'],2278,,4.1,963,126
Walking Shoes ,Black,Men,['MILESWALKER'],360,63,3.8,961,141
Ferrari Drift Cat 5 Ultra Training & Gym Shoes ,Red,Men,['Puma'],4899,30,4.4,1467,198
Athleisure Sports Walking Shoes ,Blue,Men,"['Red', 'Tape']",1357,,4.2,841,114
Running Shoes ,Black,Men,['Denvr'],299,70,3.9,300,26
Red-Marathon Running Shoes ,Red,Men,['SEGA'],599,36,4,4411,711
Osu v4 FM Running Shoes ,Grey,Men,['Puma'],2749,45,4.2,446,54
Combo Pack of 5 Casual Loafer Sneakers Shoes High Tops ,Multicolor,Men,['Shoefly'],949,61,3.9,968,146
Icon IDP Sneakers ,Grey,Men,['Puma'],1353,58,4.1,18318,2526
88-46HSTG Boots ,Olive,Men,"['Warrior', 'By', 'Liberty']",1899,,4.4,645,105
Leather Formal Corporate Casuals ,Black,Men,"['Red', 'Tape']",1498,70,4,1765,252
Rider-X Leatherette Tan Brown Zipper Rough n Tough Hiking Trekking Riding High Ankle Length Long Men's Boots Boots ,Tan,Men,"['Shoe', 'Island']",504,,3.7,200,26
Combat Army Boot For Men Boots ,Black,Men,"['Para', 'Trooper']",999,56,4.2,1359,219
Camden Sneakers ,Green,Men,['Woodland'],1739,24,4.1,573,59
Sneakers ,White,Women,['Vendoz'],440,55,4.1,596,79
Run Swift Running Shoes ,Black,Men,['Nike'],4676,,4.3,571,71
Blazerunner Ms Running Shoes ,Grey,Men,['ADIDAS'],2189,,4.1,259,35
Propel 3D IDP Running Shoes ,Grey,Men,['Puma'],1399,65,4.2,6272,889
Emergo Runner Lp Running Shoes ,Navy,Men,['REEBOK'],1699,,4.2,3048,472
Spirit III FG Football Shoes ,Black,Men,['Puma'],1540,,4.2,50,8
"Rebelbe Men's Sport Shoes Gym, Running, Walking, Traning Shoe For Boys Walking Shoes ",Black,Boys,['Rebelbe'],336,,4.1,1659,253
Wired Walking Shoes ,Black,Men,['Puma'],1749,50,4.4,527,76
Oxford ,Brown,Men,"['Red', 'Tape']",1828,70,4,368,50
Go Run Focus Running Shoes ,Grey,Men,['Skechers'],3179,40,4.2,218,40
NIKE AIR MAX IMPACT Basketball Shoes ,Black,Men,['Nike'],5676,29,4.5,14,4
ARW Loafers ,"Blue, Grey",Men,['Hotstyle'],297,40,3.8,4291,540
Bari Canvas Shoes ,Grey,Men,['Puma'],1320,55,,,
Combo Pack of 2 Latest Collection Stylish casual Sports Running Shoes Running Shoes ,Multicolor,Men,['Axter'],478,52,3.6,528,56
SM-421 Running Shoes ,Black,Men,['Sparx'],821,21,4.2,15058,2295
Enzo Sport Running Shoes ,Black,Men,['Puma'],3134,,,,
Running Shoes ,Orange,Men,['Aadi'],474,52,3.9,15450,1837
Troy MU IDP Walking Shoes ,Grey,Men,['Puma'],1399,65,3.9,414,65
STRIDE RUNNER LP Running Shoes ,Blue,Men,['REEBOK'],1427,,4.2,122,12
Outdoor Shoes ,Olive,Men,['Woodland'],2952,,4.3,2422,429
Combat Army Boot For Men Boots ,Black,Men,"['Para', 'Trooper']",999,,4.2,1359,219
Combo Pack of 3 Casual Shoes (Sneakers Shoes) Casuals ,"Sneakers Shoes) Casuals For Men  (Brown, Black, Grey",Men,['Chevit'],749,49,3.6,653,102
Corporate Casual ,Brown,Men,['Woodland'],3066,,4.1,2579,399
Propel 3D MU IDP Running Shoes ,Blue,Men,['Puma'],1399,65,4.2,381,62
Shark casual shoes Casuals ,"Black, White",Men,['Bacan'],359,64,4.2,334,45
Women SL-133 Navy Blue Pink Walking Shoes ,"Navy, Pink",Women,['Sparx'],604,,4.2,4002,575
SM-406 Running Shoes ,"Navy, Grey",Men,['Sparx'],850,18,4.2,25052,3724
Walking Shoes ,Black,Men,['MILESWALKER'],360,63,3.8,961,141
Appeal Badminton Shoes ,Multicolor,Men,['Nivia'],799,20,4.1,7638,1061
Puaro Ms Running Shoe ,Black,Men,['ADIDAS'],2350,52,4,3959,540
Century Motorsport Shoe ,Blue,Men,['Fila'],1299,,4,3819,517
Kyris 1 M Running Shoes ,"Black, Blue",Men,['ADIDAS'],2116,53,4.1,263,40
Athleisure Range Walking Shoes ,Green,Men,"['Red', 'Tape']",1738,70,4.3,1683,243
Combo Pack of 5 Casual Loafer Sneakers Shoes High Tops ,Multicolor,Men,['Shoefly'],949,61,3.9,968,146
TYSON Running Shoes ,Black,Men,['Campus'],997,16,4.1,2753,431
NIKE DOWNSHIFTER 10 Running Shoes ,Black,Men,['Nike'],2956,,4.3,432,57
Casuals ,Black,Men,['Provogue'],687,,3.9,503,66
Propel 3D IDP Running Shoes ,Grey,Men,['Puma'],1399,65,4.2,6272,889
Combo pack of 2 Casuals Shoes For Men (1563-1564) Running Shoes ,1563-1564) Running Shoes For Men  (Multicolor,Men,['Bersache'],398,60,3.8,702,72
 Men's Combo Pack Of 3 Synthetic Casuals Shoes Sneakers ,Multicolor,Men,['Fabbmate'],999,66,3.7,2234,267
Boots ,Brown,Men,['Woodland'],3511,33,4,585,86
MEN/BOY fashion outdoor canvas casual light weight lace-up sneakers sneakers for men (yellow) Sneakers ,yellow) Sneakers For Men  (Yellow,Men,['pinstyle'],364,63,4,1971,283
Combo Pack of 4 Latest Collection Stylish Casual Sneakers Shoes Sneakers ,Multicolor,Women,['Shoefly'],929,53,4,922,175
Sneakers ,Multicolor,Men,['WELDONE'],683,,3.9,7949,1085
STRIDE RUNNER LP Running Shoes ,Black,Men,['REEBOK'],1427,,3.9,12,1
Zelt Sl 2.0 Ms Running Shoes ,"Grey, Black",Men,['ADIDAS'],2591,,4.2,3094,394
"Mens Flyknit Sneakers, Lightweight, Breathable, Walking, Running, Casual Athleisure Knitted Shoes Running Shoes ",Black,Men,['Kraasa'],474,52,4.1,759,111
Wired Walking Shoes ,Black,Men,['Puma'],1749,50,4.4,527,75
Strikerr M Running Shoes ,Navy,Men,['ADIDAS'],2575,,4.2,373,57
ST Activate Running Shoes ,Black,Men,['Puma'],1595,,4.3,332,49
IGNITE Flash evoKNIT Running Shoes ,Grey,Men,['Puma'],4549,30,4.2,453,61
Jigsaw IDP Running Shoes ,Black,Men,['Puma'],1499,65,4.2,3682,536
Running Shoes ,Grey,Men,['Sparx'],1399,15,4.5,65,16
Combo Pack of 2 Latest Collection Stylish casual Sports Running Shoes Running Shoes ,Multicolor,Men,['Axter'],478,52,3.6,528,56
IGNITE Flash evoKNIT Running Shoes ,Grey,Men,['Puma'],4549,30,4.2,453,61
LQDCELL Tension Running Shoes ,Black,Men,['Puma'],3760,,4.1,94,8
Combo pack of 2 sports and running shoes for men Running Shoes ,Multicolor,Men,['Sporter'],499,50,3.5,130,14
Troy MU IDP Walking Shoes ,Grey,Men,['Puma'],1399,65,3.9,414,65
NIKE FLY.BY MID Basketball Shoes ,Black,Men,['Nike'],3326,26,4.2,31,4
SOCKS Running Shoes ,Blue,Men,['Density'],474,52,4.1,60834,9019
RIGI Hiking & Trekking Shoes ,Black,Men,['ADIDAS'],3415,,5,4,1
STYLISH High Tops ,White,Men,['Creer'],398,60,4,1245,141
New style Sneakers ,"White, Black",Men,['lejano'],378,24,3.9,1051,170
Propel 3D MU IDP Running Shoes ,Blue,Men,['Puma'],1399,65,4.2,381,62
"Casual sneakers,outdoors,dancingshoes Sneakers ",Yellow,Men,['Adiso'],395,60,3.7,447,54
Jungle Boots- Oil Stain & Water Resistant- Extra Cushion InnerSole -Light Weight Trekking Shoes Boots For Men (OliveGreen) Boots ,OliveGreen) Boots For Men  (Multicolor,Men,['Unistar'],989,29,4.3,4027,772
REE SCAPE RUN Running Shoes ,White,Men,['REEBOK'],845,71,3.9,119,19
Walking Shoes ,Black,Men,['MILESWALKER'],360,63,3.8,961,141
Perfect Stylish Girls Casual Shoes Sneakers ,Pink,Women,['Creattoes'],249,50,4,236,19
SM-604 Running Shoes ,"Black, Gold",Men,['Sparx'],1377,18,4.1,914,140
SPEED 600 2 Running Shoes ,Black,Men,['Puma'],5520,,4.6,5,0
Lace Up ,Black,Men,['Mactree'],664,,3.8,2170,350
SM-379 Walking Shoes ,Navy,Men,['Sparx'],1080,25,4.3,20320,3288
Combo Pack of 5 Casual Loafer Sneakers Shoes High Tops ,Multicolor,Men,['Shoefly'],949,61,3.9,968,146
Axelion Block Running Shoes ,Blue,Men,['Puma'],3419,,4.1,61,10
COOPER Slip-On ,Tan,Men,['Bata'],753,,4.1,260,38
STEADFAST 19 Tennis Shoes ,White,Men,['ADIDAS'],2321,,4.2,70,12
"sports shoes for men | Latest Stylish Casual sneakers for men | Lace up lightweight shoes for running, walking, gym, trekking, hiking & party Running Shoes For Men� Running Shoes ","Black, White",Men,['layasa'],389,61,4.1,10832,1601
GUNNER Football Shoes ,"White, Black",Men,['Nivia'],582,,4,235,31
PACE VS Sneakers ,White,Men,['ADIDAS'],2479,38,4.4,47,8
Combo Pack of 3 Casual Shoes (Sneakers Shoes) Casuals ,"Sneakers Shoes) Casuals For Men  (Brown, Black, Grey",Men,['Chevit'],749,49,3.6,653,102
Outdoors ,"Khaki, Olive",Men,['Woodland'],2616,,4.2,324,58
STYLISH Sneakers ,White,Men,['Creer'],378,62,3.9,928,137
Propel 3D IDP Running Shoes ,Grey,Men,['Puma'],1399,65,4.2,6272,889
Combo pack of 2 shoes for men ,Multicolor,Men,['Armado'],498,50,3.6,1764,238
Bellies ,Multicolor,Women,['Fabbmate'],399,60,4,3038,400
Corporate Loafers Slip On ,Black,Men,['Bata'],799,,4.1,1529,228
Wired Walking Shoes ,Black,Men,['Puma'],1749,50,4.4,527,75
Boost Training & Gym Shoes ,"Black, Grey",Men,['Beerock'],474,52,4.1,667,99
Sports Running Shoes ,Green,Men,['FASHINO'],499,58,4.2,10,0
Go Walk 4 Walking Shoes ,Navy,Men,['Skechers'],3248,43,4.2,272,52
Harmony Pro Lp Running Shoes ,Blue,Men,['REEBOK'],1880,52,4.1,245,38
Elite Flex- Dition Running Shoes ,Navy,Men,['Skechers'],3599,40,4.3,163,18
Combo Pack of 2 Latest Collection Stylish casual Sports Running Shoes Running Shoes ,Multicolor,Men,['Axter'],449,55,3.5,2207,308
Harmony Pro Lp Running Shoes ,Blue,Men,['REEBOK'],1880,,4.1,245,38
STEADFAST 19 Tennis Shoes ,White,Men,['ADIDAS'],2321,,4.2,70,12
Go Walk 4 Walking Shoes ,Navy,Men,['Skechers'],3248,43,4.2,272,50
Troy MU IDP Walking Shoes ,Grey,Men,['Puma'],1399,65,3.9,414,65
"Ultra-Lightweight, Breathable, Walking, Running,Gyming Casual Athletic Knitted Sock Running Shoes ",Multicolor,Men,['Density'],474,52,4.1,60834,9105
MILFORD-2 Running Shoes ,"Red, White",Men,['Campus'],1439,10,4.2,757,128
Walking Shoes ,Black,Men,"['Red', 'Tape']",1638,70,4.1,1004,136
AFRO LOW Motorsport Shoes ,Multicolor,Men,['Fila'],1589,47,4.1,11,2
Running Shoes ,"Grey, Orange",Men,['Provogue'],692,56,4.3,166,25
Propel 3D MU IDP Running Shoes ,Blue,Men,['Puma'],1399,65,4.2,381,62
COOPER Corporate Casuals ,Brown,Men,['Bata'],751,,4,284,40
Sneakers ,White,Men,['Essence'],499,,4,30996,3941
Designer Loafers ,Maroon,Men,['Nobelite'],201,59,4.1,1671,237
Walking Shoes ,Black,Men,['MILESWALKER'],360,63,3.8,961,141
SM-323 Party Wear ,Navy,Men,['Sparx'],624,16,4.3,110909,18464
Men Loafers ,Brown,Men,['Woodland'],1349,46,3.9,1576,233
Designer Ethnic Rajasthani Jaipuri Velvet Jutti for Women and Girls. Jutis ,Yellow,Women,['Ryag'],299,70,4.1,11,5
Socks Running Shoes ,Red,Men,['Density'],464,53,4.1,60834,9019
Throb M Running Shoes ,Black,Men,['ADIDAS'],1754,35,4.2,420,54
Combo Pack of 5 Casual Loafer Sneakers Shoes High Tops ,Multicolor,Men,['Shoefly'],949,61,3.9,968,146
SM-604 Running Shoes ,"Black, Gold",Men,['Sparx'],1377,18,4.1,914,140
Tylo M Running Shoes ,"Black, White",Men,['ADIDAS'],2576,,3.7,1549,172
Drogo M Walking Shoes ,White,Men,['ADIDAS'],1889,,4.2,19962,2819
Rider-X Leatherette Tan Brown Zipper Rough n Tough Hiking Trekking Riding High Ankle Length Long Men's Boots Boots ,Tan,Men,"['Shoe', 'Island']",504,,3.7,200,26
821-6763 Derby ,Black,Men,['Bata'],698,,4,1712,256
Athleisure Range Walking Shoes ,White,Men,"['Red', 'Tape']",1583,,4,689,86
Lightweight Gymwear Sport Running Shoes Running Shoes ,Black,Men,['GSTM'],317,,3.6,368,47
Combo pair of 2 shoes Sneakers ,Multicolor,Men,['Armado'],498,50,3.9,297,62
SHP3008 Loafers ,Tan,Men,['Provogue'],729,,3.9,15022,1924
Propel 3D IDP Running Shoes ,Grey,Men,['Puma'],1399,65,4.2,6272,889
Boots ,Tan,Men,"['Red', 'Tape']",2279,70,4.2,80,18
Hip Hop 5 DP Sneakers ,Black,Men,['Puma'],1212,56,4,12425,2013
Loafers ,Green,Men,['Woodland'],2318,33,4,295,48
Wired Walking Shoes ,Black,Men,['Puma'],1749,50,4.4,527,75
Bellies ,Multicolor,Women,['Fabbmate'],399,60,4,3038,400
Zen Evo IDP Running Shoes ,Grey,Men,['Puma'],1429,,4.2,2315,372
MORGAN DERBY Lace Up ,Black,Men,['Bata'],1271,,4.1,165,23
Quickspike M Running Shoes ,Grey,Men,['ADIDAS'],2056,,4.1,342,42
2301 Training & Gym Shoes ,Multicolor,Men,['XYLUS'],399,60,4.2,300,44
Combo Pack of 2 Latest Collection Stylish casual Sports Running Shoes Running Shoes ,Multicolor,Men,['Axter'],478,52,3.6,528,55
Combo Men Pack of 2 Loafers Shoes Sneakers ,"Black, Red",Men,['Shoefly'],367,63,4,8355,1093
Women Casual Boots ,Black,Women,"['TOSHINA', 'SHOES', 'KING']",399,60,4.1,16770,2929
"Blackwood n Running shoes, Gym Shoes, Training shoes, Walking Shoes Running Shoes ","Blue, Grey",Men,['Blackwood'],389,61,3.8,8359,1098
Troy MU IDP Walking Shoes ,Grey,Men,['Puma'],1399,65,3.9,414,65
Retaliation Tr 2 Training & Gym Shoes ,Black,Men,['Nike'],4892,,4.2,155,21
Step Slip On ,Brown,Men,"['John', 'Karsun']",519,82,3.7,689,120
Helkin 3 M Running Shoes ,Navy,Men,['ADIDAS'],1655,64,4.2,15,1
Men SM-469 Navy Blue Mint Walking Shoes ,Navy,Men,['Sparx'],840,19,3.9,867,156
One Rush Flex Xt Lp Walking Shoes ,Black,Men,['REEBOK'],1972,,3.9,111,9
Propel 3D MU IDP Running Shoes ,Blue,Men,['Puma'],1399,65,4.2,381,62
ZELT SL 2.0 M SS 19 Walking Shoes ,Grey,Men,['ADIDAS'],2591,46,4.3,464,48
Viale Walking Shoes ,Grey,Men,['Nike'],3812,,4.2,160,25
Sneakers ,Navy,Men,"['Red', 'Tape']",1258,70,4.2,559,66
Walking Shoes ,Black,Men,['MILESWALKER'],360,63,3.8,961,141
Loafers ,Navy,Men,['Provogue'],621,,3.6,13240,1518
Sneakers ,Blue,Men,['Converse'],1789,,4.3,3863,458
RFM Kids & Boys Casual Loafer Loafers ,Black,Men,['RFM'],599,40,4,6,1
Men Leather Loafers ,Black,Men,"['Red', 'Tape']",1187,,4,1777,207
Running Shoes ,"Pink, Grey",Women,['Asian'],499,,4,16755,2249
Combo Pack of 5 Casual Loafer Sneakers Shoes High Tops ,Multicolor,Men,['Shoefly'],949,61,3.9,968,146
IGNISM SS 19 Basketball Shoes ,Red,Men,['Fila'],1682,,4.4,3938,587
"Men-1200 Black Top Best Rates Training Shoes,Sports Shoes, Running Shoes For Men,Cricket Shoes,Casual Shoes,Loafers Shoes,Sneakers Shoes,Light Weight, Football Shoes,Comfortable For Men'S Walking Shoes ",Black,Men,['Tying'],229,54,3.9,4307,477
Nimble MU IDP Running Shoes ,Grey,Men,['Puma'],1640,,3.9,85,11
Rider-X Leatherette Tan Brown Zipper Rough n Tough Hiking Trekking Riding High Ankle Length Long Men's Boots Boots ,Tan,Men,"['Shoe', 'Island']",504,,3.7,203,27
Fausto Running Shoes ,"Blue, Black",Men,['Lotto'],999,61,4.1,4359,756
Revolution 3 Running Shoes ,Grey,Men,['Nike'],2317,,4.2,28116,3897
Predator 19.3 Tr Training & Gym Shoes ,"Blue, White",Men,['ADIDAS'],2856,,3.9,92,12
Ride Runner Lp Walking Shoes ,Black,Men,['REEBOK'],1682,,4.2,2192,326
Escaper Core Running Shoes ,Blue,Men,['Puma'],1540,,4.1,57,9
Propel 3D IDP Running Shoes ,Grey,Men,['Puma'],1399,65,4.2,6272,889
1218-White-7 High Tops ,White,Men,"['West', 'Code']",1211,69,4.3,166,28
445 Sports Shoes Sneakers ,Navy,Men,"['Deny', 'Brown']",369,26,3.8,772,66
Fashion Outdoor Canvas Casual Light Weight Partywear Sneakers Shoes For Men's And Boys Sneakers Casuals ,Yellow,Men,"['D', 'SNEAKERZ']",531,55,4,1491,283
Combo Pack of 2 Latest Collection Stylish casual Sports Running Shoes Running Shoes ,Multicolor,Men,['Axter'],478,52,3.6,528,55
Trendy Mocassin ,Black,Men,"['Best', 'S', 'Forward']",449,55,4.4,11,1
STYLISH Sneakers ,White,Men,['Creer'],345,65,4.1,437,54
Perfect Stylish Casual Shoes For Girls & Women's Casuals Sneakers ,Pink,Girls,['Rindas'],380,,4.2,2444,373
by Bata FANNY Running Shoes ,Brown,Men,['Power'],1699,,4,70,9
Running Shoes ,Grey,Men,['Nobelite'],280,43,4,790,117
Combo Pack of 2 Latest Collection Stylish casual Sports Running Shoes Running Shoes ,Multicolor,Men,['Axter'],449,55,3.5,2207,314
Climber Boots ,Tan,Men,['Kraasa'],449,,4,52379,6709
Sneakers ,Blue,Men,"['Freedom', 'Daisy']",499,,3.7,432,59
Court Legend Lo Sneakers ,Black,Men,['Puma'],2200,55,3.9,11,0
Troy MU IDP Walking Shoes ,Grey,Men,['Puma'],1399,65,3.9,414,65
"WNDR-13 Black Pink Walking Shoes,Gym Shoes,Casual Shoes,Training Shoes,Sports Shoes, Running ","Black, Pink",Women,['Asian'],499,50,4,6801,983
UPCOURT 3 Badminton Shoes ,Black,Men,['Asics'],2399,40,4.3,2774,354
Tellpath Ii Running Shoes ,Blue,Men,['ADIDAS'],2203,,3.9,154,27
RIGI Hiking & Trekking Shoes ,Black,Men,['ADIDAS'],3415,,5,4,2
LQDCELL Tension Running Shoes ,Black,Men,['Puma'],3760,,4.2,90,7
Walking Shoes ,Black,Men,['MILESWALKER'],360,63,3.8,961,141
Go Run 600-Spectra Running Shoes ,Black,Men,['Skechers'],3179,40,4.3,150,22
HYDRA-42 Running Shoes ,Black,Men,['Lancer'],499,,3.9,42462,5892
Running Shoes ,Grey,Men,['ADIDAS'],1999,35,4.2,5,1
Propel 3D MU IDP Running Shoes ,Blue,Men,['Puma'],1399,65,4.2,381,62
Go Run Fast Quake Running Shoes ,Black,Men,['Skechers'],3020,43,4.5,550,99
"Combo Pack of 3 Casual ,Party ,Lace Up Shoes Canvas Shoes & Slip On Sneaker, Loafers & Sneaker & Party wear Shoes For Men & Boy's Sneakers ","Red, Black, White",Men,['SCATCHITE'],647,56,4,127,16
Rigel IDP Sneakers ,Blue,Men,['Puma'],1344,51,4.1,1127,124
Men's Sports Shoes | Lace-ups Faux Leather Shoes | Top rated casual Sneakers ,Blue,Men,['Englewood'],474,,4.2,1411,231
Combat Army Boots ,Black,Men,"['Para', 'Trooper']",999,56,4,565,83
Combo Pack of 5 Casual Loafer Sneakers Shoes High Tops ,Multicolor,Men,['Shoefly'],949,61,3.9,968,146
Casual Sneakers Sneakers ,Grey,Men,['Sparx'],999,20,4.2,265,47
Women's | Girls Trendy Lightweight Comfortable Casual wear Lace-Up Shoes Sneakers ,White,Women,"['TWIN', 'TOES']",624,,4.4,368,70
851-6674 Slip On ,Black,Men,['Bata'],699,,4.1,323,31
Rider-X Leatherette Tan Brown Zipper Rough n Tough Hiking Trekking Riding High Ankle Length Long Men's Boots Boots ,Tan,Men,"['Shoe', 'Island']",504,,3.7,200,26
Walking Shoes ,Olive,Men,"['M7', 'By', 'Metronaut']",590,60,4,3785,476
MS 3 PLUS SS 19 Running Shoes ,"Black, Grey",Men,['Fila'],1536,,4.2,4916,736
Amerigo III SL Walking Shoe ,"Black, Grey",Men,['Lotto'],999,64,4,385,53
Furio Lite 1.0 M Running Shoes ,Navy,Men,['ADIDAS'],2159,,4.3,2135,337
Hellion Z M Running Shoes ,Green,Men,['ADIDAS'],1411,57,4.4,46,10
Combo Pack of 2 Latest Collection Stylish casual Sports Running Shoes Running Shoes ,Multicolor,Men,['Axter'],478,52,3.6,528,55
"Drag-02 Running shoes for boys | sports shoes for men | Latest Stylish Casual sneakers for men | Lace up lightweight grey shoes for running, walking, gym, trekking, hiking & party Lace Up Training & Gym Shoes ","Grey, Black",Men,['Asian'],949,36,4.1,1176,199
Running Shoes ,Navy,Men,['SEGASTAR'],631,33,3.8,171,23
Sneakers ,White,Men,['Dunkaston'],499,,3.7,1449,209
Combo Pack of 2 Latest Collection Stylish casual Sports Running Shoes Running Shoes ,Multicolor,Men,['Axter'],449,55,3.5,2207,308
MACIEL Casuals ,"Red, Black",Men,['Fila'],1299,55,4,2283,303
Firm IDP Canvas Shoes ,White,Men,['Puma'],1505,56,3.9,3901,451
FOTZ Series Sneakers ,White,Men,['Dockstreet'],698,65,4.2,104,11
Sneakers ,White,Men,['Wika'],416,,4.1,1228,207
1044 Latest Collection Stylish Casual Loafer Sneakers Shoes For Women Sneakers ,Black,Women,['Tying'],348,,4.1,965,154
Propel 3D IDP Running Shoes ,Grey,Men,['Puma'],1399,65,4.2,6272,889
Military/PT Shoes For Men; 101-Brown Sneakers ,Brown,Men,['Unistar'],299,,4.1,627,97
Firm IDP Canvas Shoes ,White,Men,['Puma'],1505,,3.9,3901,451
Casuals ,Multicolor,Men,['Birde'],646,,3.9,848,95
Troy MU IDP Walking Shoes ,Grey,Men,['Puma'],1399,65,3.9,414,65
Corporate Casuals ,Brown,Men,"['Lee', 'Cooper']",1975,24,4.2,1032,189
men shoes white Sneakers ,White,Men,['ZOVIM'],420,15,4.2,10863,1515
1044 Latest Collection Stylish Casual Loafer Sneakers Shoes For Women Sneakers ,Black,Women,['Tying'],348,,4.1,965,154
Running Shoes ,Navy,Men,['SEGASTAR'],631,33,3.8,171,23
"Hummer-06 Running shoes for boys | sports shoes for men | Latest Stylish Casual sneakers for men | Lace up lightweight grey shoes for running, walking, gym, trekking, hiking & party Running Shoes ","Grey, Black",Men,['Asian'],854,34,4,27,9
Propel 3D MU IDP Running Shoes ,Blue,Men,['Puma'],1399,65,4.2,381,62
Hellion Z M Running Shoes ,Green,Men,['ADIDAS'],1411,57,4.4,46,10
Echelon V2 MU IDP Running Shoes ,"Grey, Black, White",Men,['Puma'],1600,,4.2,1366,187
light weight comfortable sports shoes Training & Gym Shoes ,White,Men,['ADS'],399,,4,1900,256
Walking Shoes ,Black,Men,['MILESWALKER'],360,63,3.8,961,141
ST Activate Running Shoes ,Black,Men,['Puma'],1595,,4.1,501,61
Arcadeis Ms Running Shoes ,Grey,Men,['ADIDAS'],1840,,4.1,4208,573
REEBOK FLEXAGON ENERGY TR 2.0 Training & Gym Shoes ,Grey,Men,['REEBOK'],3049,,4,22,5
Combat Army Boots ,Black,Men,"['Para', 'Trooper']",999,56,4,565,83
Outdoors ,"Black, Red",Men,['Sparx'],1229,,4.2,11588,1603
Rider-X Leatherette Tan Brown Zipper Rough n Tough Hiking Trekking Riding High Ankle Length Long Men's Boots Boots ,Tan,Men,"['Shoe', 'Island']",504,,3.7,203,27
Loafers ,Black,Men,['Kraasa'],474,,3.8,19731,2658
SM-162 Sneakers ,Black,Men,['Sparx'],854,10,4.2,67806,10761
Shoes Kingdom Shoes_LB792 Mocassins Casual Shoes Loafers ,Tan,Men,"['Shoes', 'Kingdom']",739,26,3.7,2941,360
Combo Pack of 5 Casual Loafer Sneakers Shoes High Tops ,Multicolor,Men,['Shoefly'],949,61,3.9,968,146
"WNDR-13 Black Pink Walking Shoes,Gym Shoes,Casual Shoes,Training Shoes,Sports Shoes, Running ","Black, Pink",Women,['Asian'],499,50,4,6801,983
ST Activate Running Shoes ,Maroon,Men,['Puma'],1344,,4.1,501,61
Slip On ,Black,Men,['Bata'],866,42,3.9,549,67
Running Shoes ,Navy,Men,['Kraasa'],512,48,3.9,6551,932
Sparx Sm-482 Casual Sports Running Shoes ,Black,Men,['Sparx'],1049,22,4.2,11588,1603
Propel 3D IDP Running Shoes ,Grey,Men,['Puma'],1399,65,4.2,6272,889
Walking Shoes ,"Blue, Grey",Men,['Sparx'],499,9,4.1,22253,3948
REEBOK RUNNER 4.0 Running Shoes ,Grey,Men,['REEBOK'],3659,,,,
ANTRO-3 Running Shoes ,Grey,Men,['Campus'],749,50,4.1,559,116
Wired Walking Shoes ,Black,Men,['Puma'],1749,50,4.4,527,75
SRCP AE 05 Badminton Shoes ,"Red, Blue",Men,['Yonex'],1699,39,4.2,9099,1187
Men's Patent Leather Formal Shoes for Men's + Party Wear Formal Shoes Party Wear ,Brown,Men,"['Shoes', 'Bank']",379,,4,4975,709
Shoes_LB794 Lace up Casual Shoes for Men Casuals ,Tan,Men,"['Shoes', 'Kingdom']",702,29,3.9,3846,510
Loafers ,White,Men,['Provogue'],901,,3.9,3590,493
Casuals ,Black,Men,['Sukun'],426,,4.1,2156,297
Sneakers ,Multicolor,Men,['WELDONE'],683,,3.9,7949,1085
"Mesh Running Shoes ,Cricket Shoes , Badminton Shoes , Volly Ball Shoes , Sports Shoes For Mens And Boys? Running Shoes For Men Canvas Shoes For Men Running Shoes ",Grey,Mens,"['Shoe', 'Icon']",399,60,3.7,886,115
ESOTERRA FLEX LP Running Shoes ,Black,Men,['REEBOK'],2159,,4,285,35
Hustle Runner Lp Running Shoes ,"Red, Black",Men,['REEBOK'],1960,,4.1,664,72
Lace Up ,Black,Men,['Action'],512,14,3.9,480,84
Outdoors Shoes ,Olive,Men,['Woodland'],2981,,4.2,2378,343
Jess Sneakers ,"Red, White, Black",Men,['Fila'],1299,60,4.3,4217,587
HAGUE Sneakers ,Navy,Men,"['U', 'S', 'Polo', 'Assn']",1608,52,3.8,140,14
Casuals ,White,Men,['Stark'],322,67,3.6,531,57
SC0620G Canvas Shoes ,"Olive, Orange",Men,['Sparx'],999,20,4.2,2648,397
Ethnic Jutis ,Multicolor,Women,['Gerief'],199,,3.9,1898,343
JAZZ Snorkle Blue/Blk Running Shoes For Men 7 Running Shoes ,"Blue, Black",Men,['Lotto'],999,66,4.2,3442,595
Running Shoes ,Silver,Men,['Puma'],1799,60,4.3,609,97
Axis Running Shoes ,"Blue, White",Men,['Puma'],1920,,4.3,18,5
1514 Slip On ,Brown,Men,"['T', 'TRENDZ']",449,65,4.2,318,36
Bolt Slip On Walking Shoes ,Navy,Men,['Avant'],799,60,4,828,119
Walking Shoes ,Burgundy,Men,"['Red', 'Tape']",1559,70,4.4,61,11
NIKE PRECISION IV Basketball Shoes ,Black,Men,['Nike'],3956,28,3.3,9,1
Movemax IDP Walking Shoes ,"Blue, Maroon",Men,['Puma'],1640,,4.1,5158,721
High Top Sneakers High Tops ,Black,Men,['Boxer'],280,43,3.9,2107,257
Men Leather Sneakers ,Tan,Men,"['Red', 'Tape']",1468,70,4,579,72
TECLA Sneakers ,Blue,Men,['Fila'],1478,49,4.2,759,108
Casuals ,White,Men,['Ducati'],1804,,4,405,67
Mid-Top II Outdoor Boots ,Brown,Men,['Metronaut'],597,54,3.9,1075,138
Jutis ,Red,Women,['Gerief'],199,60,4,862,93
Go Run Mojo-Radar Running Shoes ,Blue,Men,['Skechers'],3599,40,4,280,27
Walking Shoes ,Black,Men,"['Red', 'Tape']",1559,70,4.4,61,12
Watt IDP Running Shoes ,Grey,Men,['Puma'],1760,55,4.3,315,47
"Men Energy afterburn disruptor for multiple sports ,fashion Running Shoes ",White,Men,"['Bacca', 'Bucci']",999,,3.9,525,79
Combo Pack of 2 Latest Collection Stylish casual Sports Running Shoes Running Shoes ,Multicolor,Men,['Axter'],474,52,3.6,140,15
"Ultra-Lightweight, Breathable, Walking, Running,Gyming Casual Athletic Knitted Sock Running Shoes ",White,Men,['Density'],474,52,4.1,60834,9019
"Training,Walking,Gym,Sports Running Shoes ",Grey,Men,['Kraasa'],474,,3.9,7763,1122
NASA Running Shoes ,Blue,Men,['Campus'],1274,25,4.2,6384,1085
Climber Boots ,Brown,Men,['Kraasa'],474,,4,52379,6709
Sneakers ,White,Men,['Numenzo'],428,57,4.1,27,2
Lace Up ,Olive,Men,['Aadi'],474,,4.1,14408,1629
Casuals ,Blue,Men,['Woodland'],3388,15,4.1,6061,895
Casual ,Brown,Men,['Woodland'],2725,24,4.1,111,22
Partywear And Casual Chukka Boots for Girls And Women ( 805G ). Boots , 805G ). Boots For Women  (Black,Women,['Commander'],599,,4.2,1564,261
Running Shoes ,Green,Men,['Camfoot'],299,70,3.9,52,9
"Easywalk-08 Running shoes for boys |sports shoes for men | Latest Stylish Casual sneakers for men | Lace up lightweight maroon shoes for running, walking, gym, trekking, hiking & party Running Shoes ","Maroon, Maroon",Men,['Asian'],759,24,4,2225,351
